Marca,Modelo,Anos_Compatibilidad,Tipo_Vehiculo,Categoria,Repuesto,Codigo_Repuesto,Descripcion_Repuesto,Estado_Disponibilidad
Maxus,T60,2017-2024,Pickup 4x4 / 4x2,Motor & Distribución,Kit de Distribución Completo,kit-distribucion,"Kit completo con correa o cadena dentada de alta resistencia, tensores automáticos y poleas de guía.",Disponible
Maxus,T60,2017-2024,Pickup 4x4 / 4x2,Motor & Distribución,Bomba de Agua Refrigeración,bomba-agua,Bomba de agua con rodamiento sellado y sellos cerámicos de alta eficiencia.,Disponible
Maxus,T60,2017-2024,Pickup 4x4 / 4x2,Motor & Distribución,Empaquetaduras de Motor,empaquetaduras,"Juegos de empaquetaduras de culata multilámina, múltiple de admisión/escape y tapa de válvulas.",Disponible
Maxus,T60,2017-2024,Pickup 4x4 / 4x2,Motor & Distribución,Correa de Accesorios Poly-V,correa-accesorios,"Correas Poly-V estriadas de alta durabilidad para alternador, bomba de dirección y compresor A/C.",Disponible
Maxus,T60,2017-2024,Pickup 4x4 / 4x2,Motor & Distribución,Tensor de Correa Automático,tensor-correa,Tensor automático con amortiguación hidráulica interna y polea termoplástica.,Disponible
Maxus,T60,2017-2024,Pickup 4x4 / 4x2,Motor & Distribución,Polea de Guía y Desvío,polea-guia,Poleas locas y de desvío con rodamientos sellados de doble hilera de bolas.,Disponible
Maxus,T60,2017-2024,Pickup 4x4 / 4x2,Filtros & Lubricantes,Filtro de Aceite Blindado,filtro-aceite,Filtro de aceite con válvula antidrenaje y papel filtrante de microfibra sintética.,Disponible
Maxus,T60,2017-2024,Pickup 4x4 / 4x2,Filtros & Lubricantes,Filtro de Aire Motor,filtro-aire,Filtro de aire con plisado de alta densidad para máxima retención de partículas.,Disponible
Maxus,T60,2017-2024,Pickup 4x4 / 4x2,Filtros & Lubricantes,Filtro de Petróleo / Diésel,filtro-petroleo,Filtro de combustible con separador de agua para sistemas common rail.,Disponible
Maxus,T60,2017-2024,Pickup 4x4 / 4x2,Filtros & Lubricantes,Filtro de Polen / Habitáculo,filtro-habitaculo,Filtro de polen con capa de carbón activado antibacteriano.,Disponible
Maxus,T60,2017-2024,Pickup 4x4 / 4x2,Filtros & Lubricantes,Aceites de Motor 5W-30 / 5W-40,aceite-5w30,Aceite de motor 100% sintético con especificación ACEA C2/C3 para motores con DPF.,Disponible
Maxus,T60,2017-2024,Pickup 4x4 / 4x2,Filtros & Lubricantes,Refrigerantes 50/50 OAT,refrigerantes,Líquido refrigerante / anticongelante de larga duración orgánico premezclado.,Disponible
Maxus,T60,2017-2024,Pickup 4x4 / 4x2,Filtros & Lubricantes,Aditivos para Diésel y Motor,aditivos,"Tratamientos para sistema de inyección diésel, limpiadores y mejoradores de cetano.",Disponible
Maxus,T60,2017-2024,Pickup 4x4 / 4x2,Filtros & Lubricantes,Aceite de Transmisión 75W-90 GL-5,aceite-transmision,"Aceite sintético para transmisiones manuales, diferenciales y cajas de transferencia.",Disponible
Maxus,T60,2017-2024,Pickup 4x4 / 4x2,Filtros & Lubricantes,Desengrasantes Mecánicos,desengrasante,Desengrasante de alta potencia para limpieza de motor y componentes mecánicos.,Disponible
Maxus,T60,2017-2024,Pickup 4x4 / 4x2,Suspensión & Dirección,Bandeja de Suspensión Delantera,bandeja-suspension,Bandejas de suspensión superior e inferior con bujes vulcanizados y rótula prensada.,Disponible
Maxus,T60,2017-2024,Pickup 4x4 / 4x2,Suspensión & Dirección,Rótulas de Suspensión Reforzadas,rotula,Rótulas de acero forjado con guardapolvo de poliuretano.,Disponible
Maxus,T60,2017-2024,Pickup 4x4 / 4x2,Suspensión & Dirección,Terminales y Axiales de Dirección,terminal-direccion,Terminales exteriores e interiores con rosca de precisión milimétrica.,Disponible
Maxus,T60,2017-2024,Pickup 4x4 / 4x2,Suspensión & Dirección,Cremallera de Dirección Hidráulica,cremallera,Cremalleras de dirección hidráulica y electroasistida completas.,Disponible
Maxus,T60,2017-2024,Pickup 4x4 / 4x2,Suspensión & Dirección,Amortiguadores Delanteros y Traseros,amortiguador,Amortiguadores a gas nitrógeno bitubo de respuesta progresiva.,Disponible
Maxus,T60,2017-2024,Pickup 4x4 / 4x2,Embrague & Transmisión,Kit de Embrague Reforzado,kit-embrague,Kit de embrague completo con prensa de diafragma templado y disco orgánico.,Disponible
Maxus,T60,2017-2024,Pickup 4x4 / 4x2,Embrague & Transmisión,Disco de Embrague de Repuesto,disco-embrague,Disco de embrague con forro de alta fricción y resortes amortiguadores dobles.,Disponible
Maxus,T60,2017-2024,Pickup 4x4 / 4x2,Embrague & Transmisión,Rodamiento de Empuje / Collarín Hidráulico,rodamiento-empuje,Rodamiento de empuje mecánico y collarines hidráulicos concéntricos.,Disponible
Maxus,T60,2017-2024,Pickup 4x4 / 4x2,Embrague & Transmisión,Cruceta de Cardán y Transmisión,cruceta-cardan,Crucetas de cardán con grasera de engrase y sellos laberinto de triple labio.,Disponible
Maxus,T60,2017-2024,Pickup 4x4 / 4x2,Frenos,Pastillas de Freno Cerámicas Delanteras,pastillas-freno,Pastillas de formulación cerámica de bajo polvo y alto coeficiente de fricción.,Disponible
Maxus,T60,2017-2024,Pickup 4x4 / 4x2,Frenos,Discos de Freno Ventilados,discos-freno,Discos de freno ventilados con aleación de alto contenido de carbono.,Disponible
Maxus,T60,2017-2024,Pickup 4x4 / 4x2,Frenos,Bombas de Freno,bomba-freno,Cilindro maestro de freno de doble circuito con depósito de líquido.,Disponible
Maxus,T60,2017-2024,Pickup 4x4 / 4x2,Frenos,Balatas de Freno,balatas-freno,Juegos de zapatas de freno traseras con forro de alta resistencia al calor.,Disponible
Maxus,T60,2017-2024,Pickup 4x4 / 4x2,Frenos,Tambores de Freno,tambor-freno,Tambores traseros de fundición gris equilibrados dinámicamente.,Disponible
Maxus,T60,2017-2024,Pickup 4x4 / 4x2,Frenos,Cilindro de Rueda / Freno Trasero,cilindro-freno,Cilindros receptores traseros con pistones de aluminio anodizado.,Disponible
Maxus,T60,2017-2024,Pickup 4x4 / 4x2,Carrocería & Eléctrico,Ópticos y Focos,opticos-focos,Faros delanteros ópticos principales y focos traseros de alta durabilidad.,Disponible
Maxus,T60,2017-2024,Pickup 4x4 / 4x2,Carrocería & Eléctrico,Kit de Ampolletas Halógenas / LED,ampolletas,"Ampolletas H4, H7, H11 en tecnología halógena de alto rendimiento y LED Canbus.",Disponible
Maxus,T60,2017-2024,Pickup 4x4 / 4x2,Carrocería & Eléctrico,Alternador de Alto Amperaje,alternador,Alternadores de 110A a 150A con regulador electrónico incorporado.,Disponible
Maxus,T60,2017-2024,Pickup 4x4 / 4x2,Carrocería & Eléctrico,Motor de Partida / Arranque Reforzado,motor-partida,Motores de arranque con sistema de reducción planetaria de alto torque.,Disponible
Maxus,T60,2017-2024,Pickup 4x4 / 4x2,Carrocería & Eléctrico,Sensor de Velocidad ABS,sensor-abs,Sensores de velocidad de rueda ABS de alta precisión magnética.,Disponible
Maxus,T90,2023-2024,Pickup Bi-Turbo,Motor & Distribución,Kit de Distribución Completo,kit-distribucion,"Kit completo con correa o cadena dentada de alta resistencia, tensores automáticos y poleas de guía.",Disponible
Maxus,T90,2023-2024,Pickup Bi-Turbo,Motor & Distribución,Bomba de Agua Refrigeración,bomba-agua,Bomba de agua con rodamiento sellado y sellos cerámicos de alta eficiencia.,Disponible
Maxus,T90,2023-2024,Pickup Bi-Turbo,Motor & Distribución,Empaquetaduras de Motor,empaquetaduras,"Juegos de empaquetaduras de culata multilámina, múltiple de admisión/escape y tapa de válvulas.",Disponible
Maxus,T90,2023-2024,Pickup Bi-Turbo,Motor & Distribución,Correa de Accesorios Poly-V,correa-accesorios,"Correas Poly-V estriadas de alta durabilidad para alternador, bomba de dirección y compresor A/C.",Disponible
Maxus,T90,2023-2024,Pickup Bi-Turbo,Motor & Distribución,Tensor de Correa Automático,tensor-correa,Tensor automático con amortiguación hidráulica interna y polea termoplástica.,Disponible
Maxus,T90,2023-2024,Pickup Bi-Turbo,Motor & Distribución,Polea de Guía y Desvío,polea-guia,Poleas locas y de desvío con rodamientos sellados de doble hilera de bolas.,Disponible
Maxus,T90,2023-2024,Pickup Bi-Turbo,Filtros & Lubricantes,Filtro de Aceite Blindado,filtro-aceite,Filtro de aceite con válvula antidrenaje y papel filtrante de microfibra sintética.,Disponible
Maxus,T90,2023-2024,Pickup Bi-Turbo,Filtros & Lubricantes,Filtro de Aire Motor,filtro-aire,Filtro de aire con plisado de alta densidad para máxima retención de partículas.,Disponible
Maxus,T90,2023-2024,Pickup Bi-Turbo,Filtros & Lubricantes,Filtro de Petróleo / Diésel,filtro-petroleo,Filtro de combustible con separador de agua para sistemas common rail.,Disponible
Maxus,T90,2023-2024,Pickup Bi-Turbo,Filtros & Lubricantes,Filtro de Polen / Habitáculo,filtro-habitaculo,Filtro de polen con capa de carbón activado antibacteriano.,Disponible
Maxus,T90,2023-2024,Pickup Bi-Turbo,Filtros & Lubricantes,Aceites de Motor 5W-30 / 5W-40,aceite-5w30,Aceite de motor 100% sintético con especificación ACEA C2/C3 para motores con DPF.,Disponible
Maxus,T90,2023-2024,Pickup Bi-Turbo,Filtros & Lubricantes,Refrigerantes 50/50 OAT,refrigerantes,Líquido refrigerante / anticongelante de larga duración orgánico premezclado.,Disponible
Maxus,T90,2023-2024,Pickup Bi-Turbo,Filtros & Lubricantes,Aditivos para Diésel y Motor,aditivos,"Tratamientos para sistema de inyección diésel, limpiadores y mejoradores de cetano.",Disponible
Maxus,T90,2023-2024,Pickup Bi-Turbo,Filtros & Lubricantes,Aceite de Transmisión 75W-90 GL-5,aceite-transmision,"Aceite sintético para transmisiones manuales, diferenciales y cajas de transferencia.",Disponible
Maxus,T90,2023-2024,Pickup Bi-Turbo,Filtros & Lubricantes,Desengrasantes Mecánicos,desengrasante,Desengrasante de alta potencia para limpieza de motor y componentes mecánicos.,Disponible
Maxus,T90,2023-2024,Pickup Bi-Turbo,Suspensión & Dirección,Bandeja de Suspensión Delantera,bandeja-suspension,Bandejas de suspensión superior e inferior con bujes vulcanizados y rótula prensada.,Disponible
Maxus,T90,2023-2024,Pickup Bi-Turbo,Suspensión & Dirección,Rótulas de Suspensión Reforzadas,rotula,Rótulas de acero forjado con guardapolvo de poliuretano.,Disponible
Maxus,T90,2023-2024,Pickup Bi-Turbo,Suspensión & Dirección,Terminales y Axiales de Dirección,terminal-direccion,Terminales exteriores e interiores con rosca de precisión milimétrica.,Disponible
Maxus,T90,2023-2024,Pickup Bi-Turbo,Suspensión & Dirección,Cremallera de Dirección Hidráulica,cremallera,Cremalleras de dirección hidráulica y electroasistida completas.,Disponible
Maxus,T90,2023-2024,Pickup Bi-Turbo,Suspensión & Dirección,Amortiguadores Delanteros y Traseros,amortiguador,Amortiguadores a gas nitrógeno bitubo de respuesta progresiva.,Disponible
Maxus,T90,2023-2024,Pickup Bi-Turbo,Embrague & Transmisión,Kit de Embrague Reforzado,kit-embrague,Kit de embrague completo con prensa de diafragma templado y disco orgánico.,Disponible
Maxus,T90,2023-2024,Pickup Bi-Turbo,Embrague & Transmisión,Disco de Embrague de Repuesto,disco-embrague,Disco de embrague con forro de alta fricción y resortes amortiguadores dobles.,Disponible
Maxus,T90,2023-2024,Pickup Bi-Turbo,Embrague & Transmisión,Rodamiento de Empuje / Collarín Hidráulico,rodamiento-empuje,Rodamiento de empuje mecánico y collarines hidráulicos concéntricos.,Disponible
Maxus,T90,2023-2024,Pickup Bi-Turbo,Embrague & Transmisión,Cruceta de Cardán y Transmisión,cruceta-cardan,Crucetas de cardán con grasera de engrase y sellos laberinto de triple labio.,Disponible
Maxus,T90,2023-2024,Pickup Bi-Turbo,Frenos,Pastillas de Freno Cerámicas Delanteras,pastillas-freno,Pastillas de formulación cerámica de bajo polvo y alto coeficiente de fricción.,Disponible
Maxus,T90,2023-2024,Pickup Bi-Turbo,Frenos,Discos de Freno Ventilados,discos-freno,Discos de freno ventilados con aleación de alto contenido de carbono.,Disponible
Maxus,T90,2023-2024,Pickup Bi-Turbo,Frenos,Bombas de Freno,bomba-freno,Cilindro maestro de freno de doble circuito con depósito de líquido.,Disponible
Maxus,T90,2023-2024,Pickup Bi-Turbo,Frenos,Balatas de Freno,balatas-freno,Juegos de zapatas de freno traseras con forro de alta resistencia al calor.,Disponible
Maxus,T90,2023-2024,Pickup Bi-Turbo,Frenos,Tambores de Freno,tambor-freno,Tambores traseros de fundición gris equilibrados dinámicamente.,Disponible
Maxus,T90,2023-2024,Pickup Bi-Turbo,Frenos,Cilindro de Rueda / Freno Trasero,cilindro-freno,Cilindros receptores traseros con pistones de aluminio anodizado.,Disponible
Maxus,T90,2023-2024,Pickup Bi-Turbo,Carrocería & Eléctrico,Ópticos y Focos,opticos-focos,Faros delanteros ópticos principales y focos traseros de alta durabilidad.,Disponible
Maxus,T90,2023-2024,Pickup Bi-Turbo,Carrocería & Eléctrico,Kit de Ampolletas Halógenas / LED,ampolletas,"Ampolletas H4, H7, H11 en tecnología halógena de alto rendimiento y LED Canbus.",Disponible
Maxus,T90,2023-2024,Pickup Bi-Turbo,Carrocería & Eléctrico,Alternador de Alto Amperaje,alternador,Alternadores de 110A a 150A con regulador electrónico incorporado.,Disponible
Maxus,T90,2023-2024,Pickup Bi-Turbo,Carrocería & Eléctrico,Motor de Partida / Arranque Reforzado,motor-partida,Motores de arranque con sistema de reducción planetaria de alto torque.,Disponible
Maxus,T90,2023-2024,Pickup Bi-Turbo,Carrocería & Eléctrico,Sensor de Velocidad ABS,sensor-abs,Sensores de velocidad de rueda ABS de alta precisión magnética.,Disponible
Maxus,V80,2015-2024,Furgón Cargo / Pasajeros,Motor & Distribución,Kit de Distribución Completo,kit-distribucion,"Kit completo con correa o cadena dentada de alta resistencia, tensores automáticos y poleas de guía.",Disponible
Maxus,V80,2015-2024,Furgón Cargo / Pasajeros,Motor & Distribución,Bomba de Agua Refrigeración,bomba-agua,Bomba de agua con rodamiento sellado y sellos cerámicos de alta eficiencia.,Disponible
Maxus,V80,2015-2024,Furgón Cargo / Pasajeros,Motor & Distribución,Empaquetaduras de Motor,empaquetaduras,"Juegos de empaquetaduras de culata multilámina, múltiple de admisión/escape y tapa de válvulas.",Disponible
Maxus,V80,2015-2024,Furgón Cargo / Pasajeros,Motor & Distribución,Correa de Accesorios Poly-V,correa-accesorios,"Correas Poly-V estriadas de alta durabilidad para alternador, bomba de dirección y compresor A/C.",Disponible
Maxus,V80,2015-2024,Furgón Cargo / Pasajeros,Motor & Distribución,Tensor de Correa Automático,tensor-correa,Tensor automático con amortiguación hidráulica interna y polea termoplástica.,Disponible
Maxus,V80,2015-2024,Furgón Cargo / Pasajeros,Motor & Distribución,Polea de Guía y Desvío,polea-guia,Poleas locas y de desvío con rodamientos sellados de doble hilera de bolas.,Disponible
Maxus,V80,2015-2024,Furgón Cargo / Pasajeros,Filtros & Lubricantes,Filtro de Aceite Blindado,filtro-aceite,Filtro de aceite con válvula antidrenaje y papel filtrante de microfibra sintética.,Disponible
Maxus,V80,2015-2024,Furgón Cargo / Pasajeros,Filtros & Lubricantes,Filtro de Aire Motor,filtro-aire,Filtro de aire con plisado de alta densidad para máxima retención de partículas.,Disponible
Maxus,V80,2015-2024,Furgón Cargo / Pasajeros,Filtros & Lubricantes,Filtro de Petróleo / Diésel,filtro-petroleo,Filtro de combustible con separador de agua para sistemas common rail.,Disponible
Maxus,V80,2015-2024,Furgón Cargo / Pasajeros,Filtros & Lubricantes,Filtro de Polen / Habitáculo,filtro-habitaculo,Filtro de polen con capa de carbón activado antibacteriano.,Disponible
Maxus,V80,2015-2024,Furgón Cargo / Pasajeros,Filtros & Lubricantes,Aceites de Motor 5W-30 / 5W-40,aceite-5w30,Aceite de motor 100% sintético con especificación ACEA C2/C3 para motores con DPF.,Disponible
Maxus,V80,2015-2024,Furgón Cargo / Pasajeros,Filtros & Lubricantes,Refrigerantes 50/50 OAT,refrigerantes,Líquido refrigerante / anticongelante de larga duración orgánico premezclado.,Disponible
Maxus,V80,2015-2024,Furgón Cargo / Pasajeros,Filtros & Lubricantes,Aditivos para Diésel y Motor,aditivos,"Tratamientos para sistema de inyección diésel, limpiadores y mejoradores de cetano.",Disponible
Maxus,V80,2015-2024,Furgón Cargo / Pasajeros,Filtros & Lubricantes,Aceite de Transmisión 75W-90 GL-5,aceite-transmision,"Aceite sintético para transmisiones manuales, diferenciales y cajas de transferencia.",Disponible
Maxus,V80,2015-2024,Furgón Cargo / Pasajeros,Filtros & Lubricantes,Desengrasantes Mecánicos,desengrasante,Desengrasante de alta potencia para limpieza de motor y componentes mecánicos.,Disponible
Maxus,V80,2015-2024,Furgón Cargo / Pasajeros,Suspensión & Dirección,Bandeja de Suspensión Delantera,bandeja-suspension,Bandejas de suspensión superior e inferior con bujes vulcanizados y rótula prensada.,Disponible
Maxus,V80,2015-2024,Furgón Cargo / Pasajeros,Suspensión & Dirección,Rótulas de Suspensión Reforzadas,rotula,Rótulas de acero forjado con guardapolvo de poliuretano.,Disponible
Maxus,V80,2015-2024,Furgón Cargo / Pasajeros,Suspensión & Dirección,Terminales y Axiales de Dirección,terminal-direccion,Terminales exteriores e interiores con rosca de precisión milimétrica.,Disponible
Maxus,V80,2015-2024,Furgón Cargo / Pasajeros,Suspensión & Dirección,Cremallera de Dirección Hidráulica,cremallera,Cremalleras de dirección hidráulica y electroasistida completas.,Disponible
Maxus,V80,2015-2024,Furgón Cargo / Pasajeros,Suspensión & Dirección,Amortiguadores Delanteros y Traseros,amortiguador,Amortiguadores a gas nitrógeno bitubo de respuesta progresiva.,Disponible
Maxus,V80,2015-2024,Furgón Cargo / Pasajeros,Embrague & Transmisión,Kit de Embrague Reforzado,kit-embrague,Kit de embrague completo con prensa de diafragma templado y disco orgánico.,Disponible
Maxus,V80,2015-2024,Furgón Cargo / Pasajeros,Embrague & Transmisión,Disco de Embrague de Repuesto,disco-embrague,Disco de embrague con forro de alta fricción y resortes amortiguadores dobles.,Disponible
Maxus,V80,2015-2024,Furgón Cargo / Pasajeros,Embrague & Transmisión,Rodamiento de Empuje / Collarín Hidráulico,rodamiento-empuje,Rodamiento de empuje mecánico y collarines hidráulicos concéntricos.,Disponible
Maxus,V80,2015-2024,Furgón Cargo / Pasajeros,Embrague & Transmisión,Cruceta de Cardán y Transmisión,cruceta-cardan,Crucetas de cardán con grasera de engrase y sellos laberinto de triple labio.,Disponible
Maxus,V80,2015-2024,Furgón Cargo / Pasajeros,Frenos,Pastillas de Freno Cerámicas Delanteras,pastillas-freno,Pastillas de formulación cerámica de bajo polvo y alto coeficiente de fricción.,Disponible
Maxus,V80,2015-2024,Furgón Cargo / Pasajeros,Frenos,Discos de Freno Ventilados,discos-freno,Discos de freno ventilados con aleación de alto contenido de carbono.,Disponible
Maxus,V80,2015-2024,Furgón Cargo / Pasajeros,Frenos,Bombas de Freno,bomba-freno,Cilindro maestro de freno de doble circuito con depósito de líquido.,Disponible
Maxus,V80,2015-2024,Furgón Cargo / Pasajeros,Frenos,Balatas de Freno,balatas-freno,Juegos de zapatas de freno traseras con forro de alta resistencia al calor.,Disponible
Maxus,V80,2015-2024,Furgón Cargo / Pasajeros,Frenos,Tambores de Freno,tambor-freno,Tambores traseros de fundición gris equilibrados dinámicamente.,Disponible
Maxus,V80,2015-2024,Furgón Cargo / Pasajeros,Frenos,Cilindro de Rueda / Freno Trasero,cilindro-freno,Cilindros receptores traseros con pistones de aluminio anodizado.,Disponible
Maxus,V80,2015-2024,Furgón Cargo / Pasajeros,Carrocería & Eléctrico,Ópticos y Focos,opticos-focos,Faros delanteros ópticos principales y focos traseros de alta durabilidad.,Disponible
Maxus,V80,2015-2024,Furgón Cargo / Pasajeros,Carrocería & Eléctrico,Kit de Ampolletas Halógenas / LED,ampolletas,"Ampolletas H4, H7, H11 en tecnología halógena de alto rendimiento y LED Canbus.",Disponible
Maxus,V80,2015-2024,Furgón Cargo / Pasajeros,Carrocería & Eléctrico,Alternador de Alto Amperaje,alternador,Alternadores de 110A a 150A con regulador electrónico incorporado.,Disponible
Maxus,V80,2015-2024,Furgón Cargo / Pasajeros,Carrocería & Eléctrico,Motor de Partida / Arranque Reforzado,motor-partida,Motores de arranque con sistema de reducción planetaria de alto torque.,Disponible
Maxus,V80,2015-2024,Furgón Cargo / Pasajeros,Carrocería & Eléctrico,Sensor de Velocidad ABS,sensor-abs,Sensores de velocidad de rueda ABS de alta precisión magnética.,Disponible
Maxus,V90,2020-2024,Furgón Maxi Cargo,Motor & Distribución,Kit de Distribución Completo,kit-distribucion,"Kit completo con correa o cadena dentada de alta resistencia, tensores automáticos y poleas de guía.",Disponible
Maxus,V90,2020-2024,Furgón Maxi Cargo,Motor & Distribución,Bomba de Agua Refrigeración,bomba-agua,Bomba de agua con rodamiento sellado y sellos cerámicos de alta eficiencia.,Disponible
Maxus,V90,2020-2024,Furgón Maxi Cargo,Motor & Distribución,Empaquetaduras de Motor,empaquetaduras,"Juegos de empaquetaduras de culata multilámina, múltiple de admisión/escape y tapa de válvulas.",Disponible
Maxus,V90,2020-2024,Furgón Maxi Cargo,Motor & Distribución,Correa de Accesorios Poly-V,correa-accesorios,"Correas Poly-V estriadas de alta durabilidad para alternador, bomba de dirección y compresor A/C.",Disponible
Maxus,V90,2020-2024,Furgón Maxi Cargo,Motor & Distribución,Tensor de Correa Automático,tensor-correa,Tensor automático con amortiguación hidráulica interna y polea termoplástica.,Disponible
Maxus,V90,2020-2024,Furgón Maxi Cargo,Motor & Distribución,Polea de Guía y Desvío,polea-guia,Poleas locas y de desvío con rodamientos sellados de doble hilera de bolas.,Disponible
Maxus,V90,2020-2024,Furgón Maxi Cargo,Filtros & Lubricantes,Filtro de Aceite Blindado,filtro-aceite,Filtro de aceite con válvula antidrenaje y papel filtrante de microfibra sintética.,Disponible
Maxus,V90,2020-2024,Furgón Maxi Cargo,Filtros & Lubricantes,Filtro de Aire Motor,filtro-aire,Filtro de aire con plisado de alta densidad para máxima retención de partículas.,Disponible
Maxus,V90,2020-2024,Furgón Maxi Cargo,Filtros & Lubricantes,Filtro de Petróleo / Diésel,filtro-petroleo,Filtro de combustible con separador de agua para sistemas common rail.,Disponible
Maxus,V90,2020-2024,Furgón Maxi Cargo,Filtros & Lubricantes,Filtro de Polen / Habitáculo,filtro-habitaculo,Filtro de polen con capa de carbón activado antibacteriano.,Disponible
Maxus,V90,2020-2024,Furgón Maxi Cargo,Filtros & Lubricantes,Aceites de Motor 5W-30 / 5W-40,aceite-5w30,Aceite de motor 100% sintético con especificación ACEA C2/C3 para motores con DPF.,Disponible
Maxus,V90,2020-2024,Furgón Maxi Cargo,Filtros & Lubricantes,Refrigerantes 50/50 OAT,refrigerantes,Líquido refrigerante / anticongelante de larga duración orgánico premezclado.,Disponible
Maxus,V90,2020-2024,Furgón Maxi Cargo,Filtros & Lubricantes,Aditivos para Diésel y Motor,aditivos,"Tratamientos para sistema de inyección diésel, limpiadores y mejoradores de cetano.",Disponible
Maxus,V90,2020-2024,Furgón Maxi Cargo,Filtros & Lubricantes,Aceite de Transmisión 75W-90 GL-5,aceite-transmision,"Aceite sintético para transmisiones manuales, diferenciales y cajas de transferencia.",Disponible
Maxus,V90,2020-2024,Furgón Maxi Cargo,Filtros & Lubricantes,Desengrasantes Mecánicos,desengrasante,Desengrasante de alta potencia para limpieza de motor y componentes mecánicos.,Disponible
Maxus,V90,2020-2024,Furgón Maxi Cargo,Suspensión & Dirección,Bandeja de Suspensión Delantera,bandeja-suspension,Bandejas de suspensión superior e inferior con bujes vulcanizados y rótula prensada.,Disponible
Maxus,V90,2020-2024,Furgón Maxi Cargo,Suspensión & Dirección,Rótulas de Suspensión Reforzadas,rotula,Rótulas de acero forjado con guardapolvo de poliuretano.,Disponible
Maxus,V90,2020-2024,Furgón Maxi Cargo,Suspensión & Dirección,Terminales y Axiales de Dirección,terminal-direccion,Terminales exteriores e interiores con rosca de precisión milimétrica.,Disponible
Maxus,V90,2020-2024,Furgón Maxi Cargo,Suspensión & Dirección,Cremallera de Dirección Hidráulica,cremallera,Cremalleras de dirección hidráulica y electroasistida completas.,Disponible
Maxus,V90,2020-2024,Furgón Maxi Cargo,Suspensión & Dirección,Amortiguadores Delanteros y Traseros,amortiguador,Amortiguadores a gas nitrógeno bitubo de respuesta progresiva.,Disponible
Maxus,V90,2020-2024,Furgón Maxi Cargo,Embrague & Transmisión,Kit de Embrague Reforzado,kit-embrague,Kit de embrague completo con prensa de diafragma templado y disco orgánico.,Disponible
Maxus,V90,2020-2024,Furgón Maxi Cargo,Embrague & Transmisión,Disco de Embrague de Repuesto,disco-embrague,Disco de embrague con forro de alta fricción y resortes amortiguadores dobles.,Disponible
Maxus,V90,2020-2024,Furgón Maxi Cargo,Embrague & Transmisión,Rodamiento de Empuje / Collarín Hidráulico,rodamiento-empuje,Rodamiento de empuje mecánico y collarines hidráulicos concéntricos.,Disponible
Maxus,V90,2020-2024,Furgón Maxi Cargo,Embrague & Transmisión,Cruceta de Cardán y Transmisión,cruceta-cardan,Crucetas de cardán con grasera de engrase y sellos laberinto de triple labio.,Disponible
Maxus,V90,2020-2024,Furgón Maxi Cargo,Frenos,Pastillas de Freno Cerámicas Delanteras,pastillas-freno,Pastillas de formulación cerámica de bajo polvo y alto coeficiente de fricción.,Disponible
Maxus,V90,2020-2024,Furgón Maxi Cargo,Frenos,Discos de Freno Ventilados,discos-freno,Discos de freno ventilados con aleación de alto contenido de carbono.,Disponible
Maxus,V90,2020-2024,Furgón Maxi Cargo,Frenos,Bombas de Freno,bomba-freno,Cilindro maestro de freno de doble circuito con depósito de líquido.,Disponible
Maxus,V90,2020-2024,Furgón Maxi Cargo,Frenos,Balatas de Freno,balatas-freno,Juegos de zapatas de freno traseras con forro de alta resistencia al calor.,Disponible
Maxus,V90,2020-2024,Furgón Maxi Cargo,Frenos,Tambores de Freno,tambor-freno,Tambores traseros de fundición gris equilibrados dinámicamente.,Disponible
Maxus,V90,2020-2024,Furgón Maxi Cargo,Frenos,Cilindro de Rueda / Freno Trasero,cilindro-freno,Cilindros receptores traseros con pistones de aluminio anodizado.,Disponible
Maxus,V90,2020-2024,Furgón Maxi Cargo,Carrocería & Eléctrico,Ópticos y Focos,opticos-focos,Faros delanteros ópticos principales y focos traseros de alta durabilidad.,Disponible
Maxus,V90,2020-2024,Furgón Maxi Cargo,Carrocería & Eléctrico,Kit de Ampolletas Halógenas / LED,ampolletas,"Ampolletas H4, H7, H11 en tecnología halógena de alto rendimiento y LED Canbus.",Disponible
Maxus,V90,2020-2024,Furgón Maxi Cargo,Carrocería & Eléctrico,Alternador de Alto Amperaje,alternador,Alternadores de 110A a 150A con regulador electrónico incorporado.,Disponible
Maxus,V90,2020-2024,Furgón Maxi Cargo,Carrocería & Eléctrico,Motor de Partida / Arranque Reforzado,motor-partida,Motores de arranque con sistema de reducción planetaria de alto torque.,Disponible
Maxus,V90,2020-2024,Furgón Maxi Cargo,Carrocería & Eléctrico,Sensor de Velocidad ABS,sensor-abs,Sensores de velocidad de rueda ABS de alta precisión magnética.,Disponible
Maxus,G10,2015-2024,Van Pasajeros / Cargo,Motor & Distribución,Kit de Distribución Completo,kit-distribucion,"Kit completo con correa o cadena dentada de alta resistencia, tensores automáticos y poleas de guía.",Disponible
Maxus,G10,2015-2024,Van Pasajeros / Cargo,Motor & Distribución,Bomba de Agua Refrigeración,bomba-agua,Bomba de agua con rodamiento sellado y sellos cerámicos de alta eficiencia.,Disponible
Maxus,G10,2015-2024,Van Pasajeros / Cargo,Motor & Distribución,Empaquetaduras de Motor,empaquetaduras,"Juegos de empaquetaduras de culata multilámina, múltiple de admisión/escape y tapa de válvulas.",Disponible
Maxus,G10,2015-2024,Van Pasajeros / Cargo,Motor & Distribución,Correa de Accesorios Poly-V,correa-accesorios,"Correas Poly-V estriadas de alta durabilidad para alternador, bomba de dirección y compresor A/C.",Disponible
Maxus,G10,2015-2024,Van Pasajeros / Cargo,Motor & Distribución,Tensor de Correa Automático,tensor-correa,Tensor automático con amortiguación hidráulica interna y polea termoplástica.,Disponible
Maxus,G10,2015-2024,Van Pasajeros / Cargo,Motor & Distribución,Polea de Guía y Desvío,polea-guia,Poleas locas y de desvío con rodamientos sellados de doble hilera de bolas.,Disponible
Maxus,G10,2015-2024,Van Pasajeros / Cargo,Filtros & Lubricantes,Filtro de Aceite Blindado,filtro-aceite,Filtro de aceite con válvula antidrenaje y papel filtrante de microfibra sintética.,Disponible
Maxus,G10,2015-2024,Van Pasajeros / Cargo,Filtros & Lubricantes,Filtro de Aire Motor,filtro-aire,Filtro de aire con plisado de alta densidad para máxima retención de partículas.,Disponible
Maxus,G10,2015-2024,Van Pasajeros / Cargo,Filtros & Lubricantes,Filtro de Petróleo / Diésel,filtro-petroleo,Filtro de combustible con separador de agua para sistemas common rail.,Disponible
Maxus,G10,2015-2024,Van Pasajeros / Cargo,Filtros & Lubricantes,Filtro de Polen / Habitáculo,filtro-habitaculo,Filtro de polen con capa de carbón activado antibacteriano.,Disponible
Maxus,G10,2015-2024,Van Pasajeros / Cargo,Filtros & Lubricantes,Aceites de Motor 5W-30 / 5W-40,aceite-5w30,Aceite de motor 100% sintético con especificación ACEA C2/C3 para motores con DPF.,Disponible
Maxus,G10,2015-2024,Van Pasajeros / Cargo,Filtros & Lubricantes,Refrigerantes 50/50 OAT,refrigerantes,Líquido refrigerante / anticongelante de larga duración orgánico premezclado.,Disponible
Maxus,G10,2015-2024,Van Pasajeros / Cargo,Filtros & Lubricantes,Aditivos para Diésel y Motor,aditivos,"Tratamientos para sistema de inyección diésel, limpiadores y mejoradores de cetano.",Disponible
Maxus,G10,2015-2024,Van Pasajeros / Cargo,Filtros & Lubricantes,Aceite de Transmisión 75W-90 GL-5,aceite-transmision,"Aceite sintético para transmisiones manuales, diferenciales y cajas de transferencia.",Disponible
Maxus,G10,2015-2024,Van Pasajeros / Cargo,Filtros & Lubricantes,Desengrasantes Mecánicos,desengrasante,Desengrasante de alta potencia para limpieza de motor y componentes mecánicos.,Disponible
Maxus,G10,2015-2024,Van Pasajeros / Cargo,Suspensión & Dirección,Bandeja de Suspensión Delantera,bandeja-suspension,Bandejas de suspensión superior e inferior con bujes vulcanizados y rótula prensada.,Disponible
Maxus,G10,2015-2024,Van Pasajeros / Cargo,Suspensión & Dirección,Rótulas de Suspensión Reforzadas,rotula,Rótulas de acero forjado con guardapolvo de poliuretano.,Disponible
Maxus,G10,2015-2024,Van Pasajeros / Cargo,Suspensión & Dirección,Terminales y Axiales de Dirección,terminal-direccion,Terminales exteriores e interiores con rosca de precisión milimétrica.,Disponible
Maxus,G10,2015-2024,Van Pasajeros / Cargo,Suspensión & Dirección,Cremallera de Dirección Hidráulica,cremallera,Cremalleras de dirección hidráulica y electroasistida completas.,Disponible
Maxus,G10,2015-2024,Van Pasajeros / Cargo,Suspensión & Dirección,Amortiguadores Delanteros y Traseros,amortiguador,Amortiguadores a gas nitrógeno bitubo de respuesta progresiva.,Disponible
Maxus,G10,2015-2024,Van Pasajeros / Cargo,Embrague & Transmisión,Kit de Embrague Reforzado,kit-embrague,Kit de embrague completo con prensa de diafragma templado y disco orgánico.,Disponible
Maxus,G10,2015-2024,Van Pasajeros / Cargo,Embrague & Transmisión,Disco de Embrague de Repuesto,disco-embrague,Disco de embrague con forro de alta fricción y resortes amortiguadores dobles.,Disponible
Maxus,G10,2015-2024,Van Pasajeros / Cargo,Embrague & Transmisión,Rodamiento de Empuje / Collarín Hidráulico,rodamiento-empuje,Rodamiento de empuje mecánico y collarines hidráulicos concéntricos.,Disponible
Maxus,G10,2015-2024,Van Pasajeros / Cargo,Embrague & Transmisión,Cruceta de Cardán y Transmisión,cruceta-cardan,Crucetas de cardán con grasera de engrase y sellos laberinto de triple labio.,Disponible
Maxus,G10,2015-2024,Van Pasajeros / Cargo,Frenos,Pastillas de Freno Cerámicas Delanteras,pastillas-freno,Pastillas de formulación cerámica de bajo polvo y alto coeficiente de fricción.,Disponible
Maxus,G10,2015-2024,Van Pasajeros / Cargo,Frenos,Discos de Freno Ventilados,discos-freno,Discos de freno ventilados con aleación de alto contenido de carbono.,Disponible
Maxus,G10,2015-2024,Van Pasajeros / Cargo,Frenos,Bombas de Freno,bomba-freno,Cilindro maestro de freno de doble circuito con depósito de líquido.,Disponible
Maxus,G10,2015-2024,Van Pasajeros / Cargo,Frenos,Balatas de Freno,balatas-freno,Juegos de zapatas de freno traseras con forro de alta resistencia al calor.,Disponible
Maxus,G10,2015-2024,Van Pasajeros / Cargo,Frenos,Tambores de Freno,tambor-freno,Tambores traseros de fundición gris equilibrados dinámicamente.,Disponible
Maxus,G10,2015-2024,Van Pasajeros / Cargo,Frenos,Cilindro de Rueda / Freno Trasero,cilindro-freno,Cilindros receptores traseros con pistones de aluminio anodizado.,Disponible
Maxus,G10,2015-2024,Van Pasajeros / Cargo,Carrocería & Eléctrico,Ópticos y Focos,opticos-focos,Faros delanteros ópticos principales y focos traseros de alta durabilidad.,Disponible
Maxus,G10,2015-2024,Van Pasajeros / Cargo,Carrocería & Eléctrico,Kit de Ampolletas Halógenas / LED,ampolletas,"Ampolletas H4, H7, H11 en tecnología halógena de alto rendimiento y LED Canbus.",Disponible
Maxus,G10,2015-2024,Van Pasajeros / Cargo,Carrocería & Eléctrico,Alternador de Alto Amperaje,alternador,Alternadores de 110A a 150A con regulador electrónico incorporado.,Disponible
Maxus,G10,2015-2024,Van Pasajeros / Cargo,Carrocería & Eléctrico,Motor de Partida / Arranque Reforzado,motor-partida,Motores de arranque con sistema de reducción planetaria de alto torque.,Disponible
Maxus,G10,2015-2024,Van Pasajeros / Cargo,Carrocería & Eléctrico,Sensor de Velocidad ABS,sensor-abs,Sensores de velocidad de rueda ABS de alta precisión magnética.,Disponible
Maxus,D60,2021-2024,SUV Familiar,Motor & Distribución,Kit de Distribución Completo,kit-distribucion,"Kit completo con correa o cadena dentada de alta resistencia, tensores automáticos y poleas de guía.",Disponible
Maxus,D60,2021-2024,SUV Familiar,Motor & Distribución,Bomba de Agua Refrigeración,bomba-agua,Bomba de agua con rodamiento sellado y sellos cerámicos de alta eficiencia.,Disponible
Maxus,D60,2021-2024,SUV Familiar,Motor & Distribución,Empaquetaduras de Motor,empaquetaduras,"Juegos de empaquetaduras de culata multilámina, múltiple de admisión/escape y tapa de válvulas.",Disponible
Maxus,D60,2021-2024,SUV Familiar,Motor & Distribución,Correa de Accesorios Poly-V,correa-accesorios,"Correas Poly-V estriadas de alta durabilidad para alternador, bomba de dirección y compresor A/C.",Disponible
Maxus,D60,2021-2024,SUV Familiar,Motor & Distribución,Tensor de Correa Automático,tensor-correa,Tensor automático con amortiguación hidráulica interna y polea termoplástica.,Disponible
Maxus,D60,2021-2024,SUV Familiar,Motor & Distribución,Polea de Guía y Desvío,polea-guia,Poleas locas y de desvío con rodamientos sellados de doble hilera de bolas.,Disponible
Maxus,D60,2021-2024,SUV Familiar,Filtros & Lubricantes,Filtro de Aceite Blindado,filtro-aceite,Filtro de aceite con válvula antidrenaje y papel filtrante de microfibra sintética.,Disponible
Maxus,D60,2021-2024,SUV Familiar,Filtros & Lubricantes,Filtro de Aire Motor,filtro-aire,Filtro de aire con plisado de alta densidad para máxima retención de partículas.,Disponible
Maxus,D60,2021-2024,SUV Familiar,Filtros & Lubricantes,Filtro de Petróleo / Diésel,filtro-petroleo,Filtro de combustible con separador de agua para sistemas common rail.,Disponible
Maxus,D60,2021-2024,SUV Familiar,Filtros & Lubricantes,Filtro de Polen / Habitáculo,filtro-habitaculo,Filtro de polen con capa de carbón activado antibacteriano.,Disponible
Maxus,D60,2021-2024,SUV Familiar,Filtros & Lubricantes,Aceites de Motor 5W-30 / 5W-40,aceite-5w30,Aceite de motor 100% sintético con especificación ACEA C2/C3 para motores con DPF.,Disponible
Maxus,D60,2021-2024,SUV Familiar,Filtros & Lubricantes,Refrigerantes 50/50 OAT,refrigerantes,Líquido refrigerante / anticongelante de larga duración orgánico premezclado.,Disponible
Maxus,D60,2021-2024,SUV Familiar,Filtros & Lubricantes,Aditivos para Diésel y Motor,aditivos,"Tratamientos para sistema de inyección diésel, limpiadores y mejoradores de cetano.",Disponible
Maxus,D60,2021-2024,SUV Familiar,Filtros & Lubricantes,Aceite de Transmisión 75W-90 GL-5,aceite-transmision,"Aceite sintético para transmisiones manuales, diferenciales y cajas de transferencia.",Disponible
Maxus,D60,2021-2024,SUV Familiar,Filtros & Lubricantes,Desengrasantes Mecánicos,desengrasante,Desengrasante de alta potencia para limpieza de motor y componentes mecánicos.,Disponible
Maxus,D60,2021-2024,SUV Familiar,Suspensión & Dirección,Bandeja de Suspensión Delantera,bandeja-suspension,Bandejas de suspensión superior e inferior con bujes vulcanizados y rótula prensada.,Disponible
Maxus,D60,2021-2024,SUV Familiar,Suspensión & Dirección,Rótulas de Suspensión Reforzadas,rotula,Rótulas de acero forjado con guardapolvo de poliuretano.,Disponible
Maxus,D60,2021-2024,SUV Familiar,Suspensión & Dirección,Terminales y Axiales de Dirección,terminal-direccion,Terminales exteriores e interiores con rosca de precisión milimétrica.,Disponible
Maxus,D60,2021-2024,SUV Familiar,Suspensión & Dirección,Cremallera de Dirección Hidráulica,cremallera,Cremalleras de dirección hidráulica y electroasistida completas.,Disponible
Maxus,D60,2021-2024,SUV Familiar,Suspensión & Dirección,Amortiguadores Delanteros y Traseros,amortiguador,Amortiguadores a gas nitrógeno bitubo de respuesta progresiva.,Disponible
Maxus,D60,2021-2024,SUV Familiar,Embrague & Transmisión,Kit de Embrague Reforzado,kit-embrague,Kit de embrague completo con prensa de diafragma templado y disco orgánico.,Disponible
Maxus,D60,2021-2024,SUV Familiar,Embrague & Transmisión,Disco de Embrague de Repuesto,disco-embrague,Disco de embrague con forro de alta fricción y resortes amortiguadores dobles.,Disponible
Maxus,D60,2021-2024,SUV Familiar,Embrague & Transmisión,Rodamiento de Empuje / Collarín Hidráulico,rodamiento-empuje,Rodamiento de empuje mecánico y collarines hidráulicos concéntricos.,Disponible
Maxus,D60,2021-2024,SUV Familiar,Embrague & Transmisión,Cruceta de Cardán y Transmisión,cruceta-cardan,Crucetas de cardán con grasera de engrase y sellos laberinto de triple labio.,Disponible
Maxus,D60,2021-2024,SUV Familiar,Frenos,Pastillas de Freno Cerámicas Delanteras,pastillas-freno,Pastillas de formulación cerámica de bajo polvo y alto coeficiente de fricción.,Disponible
Maxus,D60,2021-2024,SUV Familiar,Frenos,Discos de Freno Ventilados,discos-freno,Discos de freno ventilados con aleación de alto contenido de carbono.,Disponible
Maxus,D60,2021-2024,SUV Familiar,Frenos,Bombas de Freno,bomba-freno,Cilindro maestro de freno de doble circuito con depósito de líquido.,Disponible
Maxus,D60,2021-2024,SUV Familiar,Frenos,Balatas de Freno,balatas-freno,Juegos de zapatas de freno traseras con forro de alta resistencia al calor.,Disponible
Maxus,D60,2021-2024,SUV Familiar,Frenos,Tambores de Freno,tambor-freno,Tambores traseros de fundición gris equilibrados dinámicamente.,Disponible
Maxus,D60,2021-2024,SUV Familiar,Frenos,Cilindro de Rueda / Freno Trasero,cilindro-freno,Cilindros receptores traseros con pistones de aluminio anodizado.,Disponible
Maxus,D60,2021-2024,SUV Familiar,Carrocería & Eléctrico,Ópticos y Focos,opticos-focos,Faros delanteros ópticos principales y focos traseros de alta durabilidad.,Disponible
Maxus,D60,2021-2024,SUV Familiar,Carrocería & Eléctrico,Kit de Ampolletas Halógenas / LED,ampolletas,"Ampolletas H4, H7, H11 en tecnología halógena de alto rendimiento y LED Canbus.",Disponible
Maxus,D60,2021-2024,SUV Familiar,Carrocería & Eléctrico,Alternador de Alto Amperaje,alternador,Alternadores de 110A a 150A con regulador electrónico incorporado.,Disponible
Maxus,D60,2021-2024,SUV Familiar,Carrocería & Eléctrico,Motor de Partida / Arranque Reforzado,motor-partida,Motores de arranque con sistema de reducción planetaria de alto torque.,Disponible
Maxus,D60,2021-2024,SUV Familiar,Carrocería & Eléctrico,Sensor de Velocidad ABS,sensor-abs,Sensores de velocidad de rueda ABS de alta precisión magnética.,Disponible
Maxus,D90,2022-2024,SUV 4x4 Offroad,Motor & Distribución,Kit de Distribución Completo,kit-distribucion,"Kit completo con correa o cadena dentada de alta resistencia, tensores automáticos y poleas de guía.",Disponible
Maxus,D90,2022-2024,SUV 4x4 Offroad,Motor & Distribución,Bomba de Agua Refrigeración,bomba-agua,Bomba de agua con rodamiento sellado y sellos cerámicos de alta eficiencia.,Disponible
Maxus,D90,2022-2024,SUV 4x4 Offroad,Motor & Distribución,Empaquetaduras de Motor,empaquetaduras,"Juegos de empaquetaduras de culata multilámina, múltiple de admisión/escape y tapa de válvulas.",Disponible
Maxus,D90,2022-2024,SUV 4x4 Offroad,Motor & Distribución,Correa de Accesorios Poly-V,correa-accesorios,"Correas Poly-V estriadas de alta durabilidad para alternador, bomba de dirección y compresor A/C.",Disponible
Maxus,D90,2022-2024,SUV 4x4 Offroad,Motor & Distribución,Tensor de Correa Automático,tensor-correa,Tensor automático con amortiguación hidráulica interna y polea termoplástica.,Disponible
Maxus,D90,2022-2024,SUV 4x4 Offroad,Motor & Distribución,Polea de Guía y Desvío,polea-guia,Poleas locas y de desvío con rodamientos sellados de doble hilera de bolas.,Disponible
Maxus,D90,2022-2024,SUV 4x4 Offroad,Filtros & Lubricantes,Filtro de Aceite Blindado,filtro-aceite,Filtro de aceite con válvula antidrenaje y papel filtrante de microfibra sintética.,Disponible
Maxus,D90,2022-2024,SUV 4x4 Offroad,Filtros & Lubricantes,Filtro de Aire Motor,filtro-aire,Filtro de aire con plisado de alta densidad para máxima retención de partículas.,Disponible
Maxus,D90,2022-2024,SUV 4x4 Offroad,Filtros & Lubricantes,Filtro de Petróleo / Diésel,filtro-petroleo,Filtro de combustible con separador de agua para sistemas common rail.,Disponible
Maxus,D90,2022-2024,SUV 4x4 Offroad,Filtros & Lubricantes,Filtro de Polen / Habitáculo,filtro-habitaculo,Filtro de polen con capa de carbón activado antibacteriano.,Disponible
Maxus,D90,2022-2024,SUV 4x4 Offroad,Filtros & Lubricantes,Aceites de Motor 5W-30 / 5W-40,aceite-5w30,Aceite de motor 100% sintético con especificación ACEA C2/C3 para motores con DPF.,Disponible
Maxus,D90,2022-2024,SUV 4x4 Offroad,Filtros & Lubricantes,Refrigerantes 50/50 OAT,refrigerantes,Líquido refrigerante / anticongelante de larga duración orgánico premezclado.,Disponible
Maxus,D90,2022-2024,SUV 4x4 Offroad,Filtros & Lubricantes,Aditivos para Diésel y Motor,aditivos,"Tratamientos para sistema de inyección diésel, limpiadores y mejoradores de cetano.",Disponible
Maxus,D90,2022-2024,SUV 4x4 Offroad,Filtros & Lubricantes,Aceite de Transmisión 75W-90 GL-5,aceite-transmision,"Aceite sintético para transmisiones manuales, diferenciales y cajas de transferencia.",Disponible
Maxus,D90,2022-2024,SUV 4x4 Offroad,Filtros & Lubricantes,Desengrasantes Mecánicos,desengrasante,Desengrasante de alta potencia para limpieza de motor y componentes mecánicos.,Disponible
Maxus,D90,2022-2024,SUV 4x4 Offroad,Suspensión & Dirección,Bandeja de Suspensión Delantera,bandeja-suspension,Bandejas de suspensión superior e inferior con bujes vulcanizados y rótula prensada.,Disponible
Maxus,D90,2022-2024,SUV 4x4 Offroad,Suspensión & Dirección,Rótulas de Suspensión Reforzadas,rotula,Rótulas de acero forjado con guardapolvo de poliuretano.,Disponible
Maxus,D90,2022-2024,SUV 4x4 Offroad,Suspensión & Dirección,Terminales y Axiales de Dirección,terminal-direccion,Terminales exteriores e interiores con rosca de precisión milimétrica.,Disponible
Maxus,D90,2022-2024,SUV 4x4 Offroad,Suspensión & Dirección,Cremallera de Dirección Hidráulica,cremallera,Cremalleras de dirección hidráulica y electroasistida completas.,Disponible
Maxus,D90,2022-2024,SUV 4x4 Offroad,Suspensión & Dirección,Amortiguadores Delanteros y Traseros,amortiguador,Amortiguadores a gas nitrógeno bitubo de respuesta progresiva.,Disponible
Maxus,D90,2022-2024,SUV 4x4 Offroad,Embrague & Transmisión,Kit de Embrague Reforzado,kit-embrague,Kit de embrague completo con prensa de diafragma templado y disco orgánico.,Disponible
Maxus,D90,2022-2024,SUV 4x4 Offroad,Embrague & Transmisión,Disco de Embrague de Repuesto,disco-embrague,Disco de embrague con forro de alta fricción y resortes amortiguadores dobles.,Disponible
Maxus,D90,2022-2024,SUV 4x4 Offroad,Embrague & Transmisión,Rodamiento de Empuje / Collarín Hidráulico,rodamiento-empuje,Rodamiento de empuje mecánico y collarines hidráulicos concéntricos.,Disponible
Maxus,D90,2022-2024,SUV 4x4 Offroad,Embrague & Transmisión,Cruceta de Cardán y Transmisión,cruceta-cardan,Crucetas de cardán con grasera de engrase y sellos laberinto de triple labio.,Disponible
Maxus,D90,2022-2024,SUV 4x4 Offroad,Frenos,Pastillas de Freno Cerámicas Delanteras,pastillas-freno,Pastillas de formulación cerámica de bajo polvo y alto coeficiente de fricción.,Disponible
Maxus,D90,2022-2024,SUV 4x4 Offroad,Frenos,Discos de Freno Ventilados,discos-freno,Discos de freno ventilados con aleación de alto contenido de carbono.,Disponible
Maxus,D90,2022-2024,SUV 4x4 Offroad,Frenos,Bombas de Freno,bomba-freno,Cilindro maestro de freno de doble circuito con depósito de líquido.,Disponible
Maxus,D90,2022-2024,SUV 4x4 Offroad,Frenos,Balatas de Freno,balatas-freno,Juegos de zapatas de freno traseras con forro de alta resistencia al calor.,Disponible
Maxus,D90,2022-2024,SUV 4x4 Offroad,Frenos,Tambores de Freno,tambor-freno,Tambores traseros de fundición gris equilibrados dinámicamente.,Disponible
Maxus,D90,2022-2024,SUV 4x4 Offroad,Frenos,Cilindro de Rueda / Freno Trasero,cilindro-freno,Cilindros receptores traseros con pistones de aluminio anodizado.,Disponible
Maxus,D90,2022-2024,SUV 4x4 Offroad,Carrocería & Eléctrico,Ópticos y Focos,opticos-focos,Faros delanteros ópticos principales y focos traseros de alta durabilidad.,Disponible
Maxus,D90,2022-2024,SUV 4x4 Offroad,Carrocería & Eléctrico,Kit de Ampolletas Halógenas / LED,ampolletas,"Ampolletas H4, H7, H11 en tecnología halógena de alto rendimiento y LED Canbus.",Disponible
Maxus,D90,2022-2024,SUV 4x4 Offroad,Carrocería & Eléctrico,Alternador de Alto Amperaje,alternador,Alternadores de 110A a 150A con regulador electrónico incorporado.,Disponible
Maxus,D90,2022-2024,SUV 4x4 Offroad,Carrocería & Eléctrico,Motor de Partida / Arranque Reforzado,motor-partida,Motores de arranque con sistema de reducción planetaria de alto torque.,Disponible
Maxus,D90,2022-2024,SUV 4x4 Offroad,Carrocería & Eléctrico,Sensor de Velocidad ABS,sensor-abs,Sensores de velocidad de rueda ABS de alta precisión magnética.,Disponible
Maxus,eDeliver 3,2022-2024,100% Eléctrico,Motor & Distribución,Kit de Distribución Completo,kit-distribucion,"Kit completo con correa o cadena dentada de alta resistencia, tensores automáticos y poleas de guía.",Disponible
Maxus,eDeliver 3,2022-2024,100% Eléctrico,Motor & Distribución,Bomba de Agua Refrigeración,bomba-agua,Bomba de agua con rodamiento sellado y sellos cerámicos de alta eficiencia.,Disponible
Maxus,eDeliver 3,2022-2024,100% Eléctrico,Motor & Distribución,Empaquetaduras de Motor,empaquetaduras,"Juegos de empaquetaduras de culata multilámina, múltiple de admisión/escape y tapa de válvulas.",Disponible
Maxus,eDeliver 3,2022-2024,100% Eléctrico,Motor & Distribución,Correa de Accesorios Poly-V,correa-accesorios,"Correas Poly-V estriadas de alta durabilidad para alternador, bomba de dirección y compresor A/C.",Disponible
Maxus,eDeliver 3,2022-2024,100% Eléctrico,Motor & Distribución,Tensor de Correa Automático,tensor-correa,Tensor automático con amortiguación hidráulica interna y polea termoplástica.,Disponible
Maxus,eDeliver 3,2022-2024,100% Eléctrico,Motor & Distribución,Polea de Guía y Desvío,polea-guia,Poleas locas y de desvío con rodamientos sellados de doble hilera de bolas.,Disponible
Maxus,eDeliver 3,2022-2024,100% Eléctrico,Filtros & Lubricantes,Filtro de Aceite Blindado,filtro-aceite,Filtro de aceite con válvula antidrenaje y papel filtrante de microfibra sintética.,Disponible
Maxus,eDeliver 3,2022-2024,100% Eléctrico,Filtros & Lubricantes,Filtro de Aire Motor,filtro-aire,Filtro de aire con plisado de alta densidad para máxima retención de partículas.,Disponible
Maxus,eDeliver 3,2022-2024,100% Eléctrico,Filtros & Lubricantes,Filtro de Petróleo / Diésel,filtro-petroleo,Filtro de combustible con separador de agua para sistemas common rail.,Disponible
Maxus,eDeliver 3,2022-2024,100% Eléctrico,Filtros & Lubricantes,Filtro de Polen / Habitáculo,filtro-habitaculo,Filtro de polen con capa de carbón activado antibacteriano.,Disponible
Maxus,eDeliver 3,2022-2024,100% Eléctrico,Filtros & Lubricantes,Aceites de Motor 5W-30 / 5W-40,aceite-5w30,Aceite de motor 100% sintético con especificación ACEA C2/C3 para motores con DPF.,Disponible
Maxus,eDeliver 3,2022-2024,100% Eléctrico,Filtros & Lubricantes,Refrigerantes 50/50 OAT,refrigerantes,Líquido refrigerante / anticongelante de larga duración orgánico premezclado.,Disponible
Maxus,eDeliver 3,2022-2024,100% Eléctrico,Filtros & Lubricantes,Aditivos para Diésel y Motor,aditivos,"Tratamientos para sistema de inyección diésel, limpiadores y mejoradores de cetano.",Disponible
Maxus,eDeliver 3,2022-2024,100% Eléctrico,Filtros & Lubricantes,Aceite de Transmisión 75W-90 GL-5,aceite-transmision,"Aceite sintético para transmisiones manuales, diferenciales y cajas de transferencia.",Disponible
Maxus,eDeliver 3,2022-2024,100% Eléctrico,Filtros & Lubricantes,Desengrasantes Mecánicos,desengrasante,Desengrasante de alta potencia para limpieza de motor y componentes mecánicos.,Disponible
Maxus,eDeliver 3,2022-2024,100% Eléctrico,Suspensión & Dirección,Bandeja de Suspensión Delantera,bandeja-suspension,Bandejas de suspensión superior e inferior con bujes vulcanizados y rótula prensada.,Disponible
Maxus,eDeliver 3,2022-2024,100% Eléctrico,Suspensión & Dirección,Rótulas de Suspensión Reforzadas,rotula,Rótulas de acero forjado con guardapolvo de poliuretano.,Disponible
Maxus,eDeliver 3,2022-2024,100% Eléctrico,Suspensión & Dirección,Terminales y Axiales de Dirección,terminal-direccion,Terminales exteriores e interiores con rosca de precisión milimétrica.,Disponible
Maxus,eDeliver 3,2022-2024,100% Eléctrico,Suspensión & Dirección,Cremallera de Dirección Hidráulica,cremallera,Cremalleras de dirección hidráulica y electroasistida completas.,Disponible
Maxus,eDeliver 3,2022-2024,100% Eléctrico,Suspensión & Dirección,Amortiguadores Delanteros y Traseros,amortiguador,Amortiguadores a gas nitrógeno bitubo de respuesta progresiva.,Disponible
Maxus,eDeliver 3,2022-2024,100% Eléctrico,Embrague & Transmisión,Kit de Embrague Reforzado,kit-embrague,Kit de embrague completo con prensa de diafragma templado y disco orgánico.,Disponible
Maxus,eDeliver 3,2022-2024,100% Eléctrico,Embrague & Transmisión,Disco de Embrague de Repuesto,disco-embrague,Disco de embrague con forro de alta fricción y resortes amortiguadores dobles.,Disponible
Maxus,eDeliver 3,2022-2024,100% Eléctrico,Embrague & Transmisión,Rodamiento de Empuje / Collarín Hidráulico,rodamiento-empuje,Rodamiento de empuje mecánico y collarines hidráulicos concéntricos.,Disponible
Maxus,eDeliver 3,2022-2024,100% Eléctrico,Embrague & Transmisión,Cruceta de Cardán y Transmisión,cruceta-cardan,Crucetas de cardán con grasera de engrase y sellos laberinto de triple labio.,Disponible
Maxus,eDeliver 3,2022-2024,100% Eléctrico,Frenos,Pastillas de Freno Cerámicas Delanteras,pastillas-freno,Pastillas de formulación cerámica de bajo polvo y alto coeficiente de fricción.,Disponible
Maxus,eDeliver 3,2022-2024,100% Eléctrico,Frenos,Discos de Freno Ventilados,discos-freno,Discos de freno ventilados con aleación de alto contenido de carbono.,Disponible
Maxus,eDeliver 3,2022-2024,100% Eléctrico,Frenos,Bombas de Freno,bomba-freno,Cilindro maestro de freno de doble circuito con depósito de líquido.,Disponible
Maxus,eDeliver 3,2022-2024,100% Eléctrico,Frenos,Balatas de Freno,balatas-freno,Juegos de zapatas de freno traseras con forro de alta resistencia al calor.,Disponible
Maxus,eDeliver 3,2022-2024,100% Eléctrico,Frenos,Tambores de Freno,tambor-freno,Tambores traseros de fundición gris equilibrados dinámicamente.,Disponible
Maxus,eDeliver 3,2022-2024,100% Eléctrico,Frenos,Cilindro de Rueda / Freno Trasero,cilindro-freno,Cilindros receptores traseros con pistones de aluminio anodizado.,Disponible
Maxus,eDeliver 3,2022-2024,100% Eléctrico,Carrocería & Eléctrico,Ópticos y Focos,opticos-focos,Faros delanteros ópticos principales y focos traseros de alta durabilidad.,Disponible
Maxus,eDeliver 3,2022-2024,100% Eléctrico,Carrocería & Eléctrico,Kit de Ampolletas Halógenas / LED,ampolletas,"Ampolletas H4, H7, H11 en tecnología halógena de alto rendimiento y LED Canbus.",Disponible
Maxus,eDeliver 3,2022-2024,100% Eléctrico,Carrocería & Eléctrico,Alternador de Alto Amperaje,alternador,Alternadores de 110A a 150A con regulador electrónico incorporado.,Disponible
Maxus,eDeliver 3,2022-2024,100% Eléctrico,Carrocería & Eléctrico,Motor de Partida / Arranque Reforzado,motor-partida,Motores de arranque con sistema de reducción planetaria de alto torque.,Disponible
Maxus,eDeliver 3,2022-2024,100% Eléctrico,Carrocería & Eléctrico,Sensor de Velocidad ABS,sensor-abs,Sensores de velocidad de rueda ABS de alta precisión magnética.,Disponible
Toyota,Hilux,2005-2024,Pickup 4x4 / 4x2,Motor & Distribución,Kit de Distribución Completo,kit-distribucion,"Kit completo con correa o cadena dentada de alta resistencia, tensores automáticos y poleas de guía.",Disponible
Toyota,Hilux,2005-2024,Pickup 4x4 / 4x2,Motor & Distribución,Bomba de Agua Refrigeración,bomba-agua,Bomba de agua con rodamiento sellado y sellos cerámicos de alta eficiencia.,Disponible
Toyota,Hilux,2005-2024,Pickup 4x4 / 4x2,Motor & Distribución,Empaquetaduras de Motor,empaquetaduras,"Juegos de empaquetaduras de culata multilámina, múltiple de admisión/escape y tapa de válvulas.",Disponible
Toyota,Hilux,2005-2024,Pickup 4x4 / 4x2,Motor & Distribución,Correa de Accesorios Poly-V,correa-accesorios,"Correas Poly-V estriadas de alta durabilidad para alternador, bomba de dirección y compresor A/C.",Disponible
Toyota,Hilux,2005-2024,Pickup 4x4 / 4x2,Motor & Distribución,Tensor de Correa Automático,tensor-correa,Tensor automático con amortiguación hidráulica interna y polea termoplástica.,Disponible
Toyota,Hilux,2005-2024,Pickup 4x4 / 4x2,Motor & Distribución,Polea de Guía y Desvío,polea-guia,Poleas locas y de desvío con rodamientos sellados de doble hilera de bolas.,Disponible
Toyota,Hilux,2005-2024,Pickup 4x4 / 4x2,Filtros & Lubricantes,Filtro de Aceite Blindado,filtro-aceite,Filtro de aceite con válvula antidrenaje y papel filtrante de microfibra sintética.,Disponible
Toyota,Hilux,2005-2024,Pickup 4x4 / 4x2,Filtros & Lubricantes,Filtro de Aire Motor,filtro-aire,Filtro de aire con plisado de alta densidad para máxima retención de partículas.,Disponible
Toyota,Hilux,2005-2024,Pickup 4x4 / 4x2,Filtros & Lubricantes,Filtro de Petróleo / Diésel,filtro-petroleo,Filtro de combustible con separador de agua para sistemas common rail.,Disponible
Toyota,Hilux,2005-2024,Pickup 4x4 / 4x2,Filtros & Lubricantes,Filtro de Polen / Habitáculo,filtro-habitaculo,Filtro de polen con capa de carbón activado antibacteriano.,Disponible
Toyota,Hilux,2005-2024,Pickup 4x4 / 4x2,Filtros & Lubricantes,Aceites de Motor 5W-30 / 5W-40,aceite-5w30,Aceite de motor 100% sintético con especificación ACEA C2/C3 para motores con DPF.,Disponible
Toyota,Hilux,2005-2024,Pickup 4x4 / 4x2,Filtros & Lubricantes,Refrigerantes 50/50 OAT,refrigerantes,Líquido refrigerante / anticongelante de larga duración orgánico premezclado.,Disponible
Toyota,Hilux,2005-2024,Pickup 4x4 / 4x2,Filtros & Lubricantes,Aditivos para Diésel y Motor,aditivos,"Tratamientos para sistema de inyección diésel, limpiadores y mejoradores de cetano.",Disponible
Toyota,Hilux,2005-2024,Pickup 4x4 / 4x2,Filtros & Lubricantes,Aceite de Transmisión 75W-90 GL-5,aceite-transmision,"Aceite sintético para transmisiones manuales, diferenciales y cajas de transferencia.",Disponible
Toyota,Hilux,2005-2024,Pickup 4x4 / 4x2,Filtros & Lubricantes,Desengrasantes Mecánicos,desengrasante,Desengrasante de alta potencia para limpieza de motor y componentes mecánicos.,Disponible
Toyota,Hilux,2005-2024,Pickup 4x4 / 4x2,Suspensión & Dirección,Bandeja de Suspensión Delantera,bandeja-suspension,Bandejas de suspensión superior e inferior con bujes vulcanizados y rótula prensada.,Disponible
Toyota,Hilux,2005-2024,Pickup 4x4 / 4x2,Suspensión & Dirección,Rótulas de Suspensión Reforzadas,rotula,Rótulas de acero forjado con guardapolvo de poliuretano.,Disponible
Toyota,Hilux,2005-2024,Pickup 4x4 / 4x2,Suspensión & Dirección,Terminales y Axiales de Dirección,terminal-direccion,Terminales exteriores e interiores con rosca de precisión milimétrica.,Disponible
Toyota,Hilux,2005-2024,Pickup 4x4 / 4x2,Suspensión & Dirección,Cremallera de Dirección Hidráulica,cremallera,Cremalleras de dirección hidráulica y electroasistida completas.,Disponible
Toyota,Hilux,2005-2024,Pickup 4x4 / 4x2,Suspensión & Dirección,Amortiguadores Delanteros y Traseros,amortiguador,Amortiguadores a gas nitrógeno bitubo de respuesta progresiva.,Disponible
Toyota,Hilux,2005-2024,Pickup 4x4 / 4x2,Embrague & Transmisión,Kit de Embrague Reforzado,kit-embrague,Kit de embrague completo con prensa de diafragma templado y disco orgánico.,Disponible
Toyota,Hilux,2005-2024,Pickup 4x4 / 4x2,Embrague & Transmisión,Disco de Embrague de Repuesto,disco-embrague,Disco de embrague con forro de alta fricción y resortes amortiguadores dobles.,Disponible
Toyota,Hilux,2005-2024,Pickup 4x4 / 4x2,Embrague & Transmisión,Rodamiento de Empuje / Collarín Hidráulico,rodamiento-empuje,Rodamiento de empuje mecánico y collarines hidráulicos concéntricos.,Disponible
Toyota,Hilux,2005-2024,Pickup 4x4 / 4x2,Embrague & Transmisión,Cruceta de Cardán y Transmisión,cruceta-cardan,Crucetas de cardán con grasera de engrase y sellos laberinto de triple labio.,Disponible
Toyota,Hilux,2005-2024,Pickup 4x4 / 4x2,Frenos,Pastillas de Freno Cerámicas Delanteras,pastillas-freno,Pastillas de formulación cerámica de bajo polvo y alto coeficiente de fricción.,Disponible
Toyota,Hilux,2005-2024,Pickup 4x4 / 4x2,Frenos,Discos de Freno Ventilados,discos-freno,Discos de freno ventilados con aleación de alto contenido de carbono.,Disponible
Toyota,Hilux,2005-2024,Pickup 4x4 / 4x2,Frenos,Bombas de Freno,bomba-freno,Cilindro maestro de freno de doble circuito con depósito de líquido.,Disponible
Toyota,Hilux,2005-2024,Pickup 4x4 / 4x2,Frenos,Balatas de Freno,balatas-freno,Juegos de zapatas de freno traseras con forro de alta resistencia al calor.,Disponible
Toyota,Hilux,2005-2024,Pickup 4x4 / 4x2,Frenos,Tambores de Freno,tambor-freno,Tambores traseros de fundición gris equilibrados dinámicamente.,Disponible
Toyota,Hilux,2005-2024,Pickup 4x4 / 4x2,Frenos,Cilindro de Rueda / Freno Trasero,cilindro-freno,Cilindros receptores traseros con pistones de aluminio anodizado.,Disponible
Toyota,Hilux,2005-2024,Pickup 4x4 / 4x2,Carrocería & Eléctrico,Ópticos y Focos,opticos-focos,Faros delanteros ópticos principales y focos traseros de alta durabilidad.,Disponible
Toyota,Hilux,2005-2024,Pickup 4x4 / 4x2,Carrocería & Eléctrico,Kit de Ampolletas Halógenas / LED,ampolletas,"Ampolletas H4, H7, H11 en tecnología halógena de alto rendimiento y LED Canbus.",Disponible
Toyota,Hilux,2005-2024,Pickup 4x4 / 4x2,Carrocería & Eléctrico,Alternador de Alto Amperaje,alternador,Alternadores de 110A a 150A con regulador electrónico incorporado.,Disponible
Toyota,Hilux,2005-2024,Pickup 4x4 / 4x2,Carrocería & Eléctrico,Motor de Partida / Arranque Reforzado,motor-partida,Motores de arranque con sistema de reducción planetaria de alto torque.,Disponible
Toyota,Hilux,2005-2024,Pickup 4x4 / 4x2,Carrocería & Eléctrico,Sensor de Velocidad ABS,sensor-abs,Sensores de velocidad de rueda ABS de alta precisión magnética.,Disponible
Toyota,Hilux Revo,2016-2024,Pickup 4x4 / 4x2,Motor & Distribución,Kit de Distribución Completo,kit-distribucion,"Kit completo con correa o cadena dentada de alta resistencia, tensores automáticos y poleas de guía.",Disponible
Toyota,Hilux Revo,2016-2024,Pickup 4x4 / 4x2,Motor & Distribución,Bomba de Agua Refrigeración,bomba-agua,Bomba de agua con rodamiento sellado y sellos cerámicos de alta eficiencia.,Disponible
Toyota,Hilux Revo,2016-2024,Pickup 4x4 / 4x2,Motor & Distribución,Empaquetaduras de Motor,empaquetaduras,"Juegos de empaquetaduras de culata multilámina, múltiple de admisión/escape y tapa de válvulas.",Disponible
Toyota,Hilux Revo,2016-2024,Pickup 4x4 / 4x2,Motor & Distribución,Correa de Accesorios Poly-V,correa-accesorios,"Correas Poly-V estriadas de alta durabilidad para alternador, bomba de dirección y compresor A/C.",Disponible
Toyota,Hilux Revo,2016-2024,Pickup 4x4 / 4x2,Motor & Distribución,Tensor de Correa Automático,tensor-correa,Tensor automático con amortiguación hidráulica interna y polea termoplástica.,Disponible
Toyota,Hilux Revo,2016-2024,Pickup 4x4 / 4x2,Motor & Distribución,Polea de Guía y Desvío,polea-guia,Poleas locas y de desvío con rodamientos sellados de doble hilera de bolas.,Disponible
Toyota,Hilux Revo,2016-2024,Pickup 4x4 / 4x2,Filtros & Lubricantes,Filtro de Aceite Blindado,filtro-aceite,Filtro de aceite con válvula antidrenaje y papel filtrante de microfibra sintética.,Disponible
Toyota,Hilux Revo,2016-2024,Pickup 4x4 / 4x2,Filtros & Lubricantes,Filtro de Aire Motor,filtro-aire,Filtro de aire con plisado de alta densidad para máxima retención de partículas.,Disponible
Toyota,Hilux Revo,2016-2024,Pickup 4x4 / 4x2,Filtros & Lubricantes,Filtro de Petróleo / Diésel,filtro-petroleo,Filtro de combustible con separador de agua para sistemas common rail.,Disponible
Toyota,Hilux Revo,2016-2024,Pickup 4x4 / 4x2,Filtros & Lubricantes,Filtro de Polen / Habitáculo,filtro-habitaculo,Filtro de polen con capa de carbón activado antibacteriano.,Disponible
Toyota,Hilux Revo,2016-2024,Pickup 4x4 / 4x2,Filtros & Lubricantes,Aceites de Motor 5W-30 / 5W-40,aceite-5w30,Aceite de motor 100% sintético con especificación ACEA C2/C3 para motores con DPF.,Disponible
Toyota,Hilux Revo,2016-2024,Pickup 4x4 / 4x2,Filtros & Lubricantes,Refrigerantes 50/50 OAT,refrigerantes,Líquido refrigerante / anticongelante de larga duración orgánico premezclado.,Disponible
Toyota,Hilux Revo,2016-2024,Pickup 4x4 / 4x2,Filtros & Lubricantes,Aditivos para Diésel y Motor,aditivos,"Tratamientos para sistema de inyección diésel, limpiadores y mejoradores de cetano.",Disponible
Toyota,Hilux Revo,2016-2024,Pickup 4x4 / 4x2,Filtros & Lubricantes,Aceite de Transmisión 75W-90 GL-5,aceite-transmision,"Aceite sintético para transmisiones manuales, diferenciales y cajas de transferencia.",Disponible
Toyota,Hilux Revo,2016-2024,Pickup 4x4 / 4x2,Filtros & Lubricantes,Desengrasantes Mecánicos,desengrasante,Desengrasante de alta potencia para limpieza de motor y componentes mecánicos.,Disponible
Toyota,Hilux Revo,2016-2024,Pickup 4x4 / 4x2,Suspensión & Dirección,Bandeja de Suspensión Delantera,bandeja-suspension,Bandejas de suspensión superior e inferior con bujes vulcanizados y rótula prensada.,Disponible
Toyota,Hilux Revo,2016-2024,Pickup 4x4 / 4x2,Suspensión & Dirección,Rótulas de Suspensión Reforzadas,rotula,Rótulas de acero forjado con guardapolvo de poliuretano.,Disponible
Toyota,Hilux Revo,2016-2024,Pickup 4x4 / 4x2,Suspensión & Dirección,Terminales y Axiales de Dirección,terminal-direccion,Terminales exteriores e interiores con rosca de precisión milimétrica.,Disponible
Toyota,Hilux Revo,2016-2024,Pickup 4x4 / 4x2,Suspensión & Dirección,Cremallera de Dirección Hidráulica,cremallera,Cremalleras de dirección hidráulica y electroasistida completas.,Disponible
Toyota,Hilux Revo,2016-2024,Pickup 4x4 / 4x2,Suspensión & Dirección,Amortiguadores Delanteros y Traseros,amortiguador,Amortiguadores a gas nitrógeno bitubo de respuesta progresiva.,Disponible
Toyota,Hilux Revo,2016-2024,Pickup 4x4 / 4x2,Embrague & Transmisión,Kit de Embrague Reforzado,kit-embrague,Kit de embrague completo con prensa de diafragma templado y disco orgánico.,Disponible
Toyota,Hilux Revo,2016-2024,Pickup 4x4 / 4x2,Embrague & Transmisión,Disco de Embrague de Repuesto,disco-embrague,Disco de embrague con forro de alta fricción y resortes amortiguadores dobles.,Disponible
Toyota,Hilux Revo,2016-2024,Pickup 4x4 / 4x2,Embrague & Transmisión,Rodamiento de Empuje / Collarín Hidráulico,rodamiento-empuje,Rodamiento de empuje mecánico y collarines hidráulicos concéntricos.,Disponible
Toyota,Hilux Revo,2016-2024,Pickup 4x4 / 4x2,Embrague & Transmisión,Cruceta de Cardán y Transmisión,cruceta-cardan,Crucetas de cardán con grasera de engrase y sellos laberinto de triple labio.,Disponible
Toyota,Hilux Revo,2016-2024,Pickup 4x4 / 4x2,Frenos,Pastillas de Freno Cerámicas Delanteras,pastillas-freno,Pastillas de formulación cerámica de bajo polvo y alto coeficiente de fricción.,Disponible
Toyota,Hilux Revo,2016-2024,Pickup 4x4 / 4x2,Frenos,Discos de Freno Ventilados,discos-freno,Discos de freno ventilados con aleación de alto contenido de carbono.,Disponible
Toyota,Hilux Revo,2016-2024,Pickup 4x4 / 4x2,Frenos,Bombas de Freno,bomba-freno,Cilindro maestro de freno de doble circuito con depósito de líquido.,Disponible
Toyota,Hilux Revo,2016-2024,Pickup 4x4 / 4x2,Frenos,Balatas de Freno,balatas-freno,Juegos de zapatas de freno traseras con forro de alta resistencia al calor.,Disponible
Toyota,Hilux Revo,2016-2024,Pickup 4x4 / 4x2,Frenos,Tambores de Freno,tambor-freno,Tambores traseros de fundición gris equilibrados dinámicamente.,Disponible
Toyota,Hilux Revo,2016-2024,Pickup 4x4 / 4x2,Frenos,Cilindro de Rueda / Freno Trasero,cilindro-freno,Cilindros receptores traseros con pistones de aluminio anodizado.,Disponible
Toyota,Hilux Revo,2016-2024,Pickup 4x4 / 4x2,Carrocería & Eléctrico,Ópticos y Focos,opticos-focos,Faros delanteros ópticos principales y focos traseros de alta durabilidad.,Disponible
Toyota,Hilux Revo,2016-2024,Pickup 4x4 / 4x2,Carrocería & Eléctrico,Kit de Ampolletas Halógenas / LED,ampolletas,"Ampolletas H4, H7, H11 en tecnología halógena de alto rendimiento y LED Canbus.",Disponible
Toyota,Hilux Revo,2016-2024,Pickup 4x4 / 4x2,Carrocería & Eléctrico,Alternador de Alto Amperaje,alternador,Alternadores de 110A a 150A con regulador electrónico incorporado.,Disponible
Toyota,Hilux Revo,2016-2024,Pickup 4x4 / 4x2,Carrocería & Eléctrico,Motor de Partida / Arranque Reforzado,motor-partida,Motores de arranque con sistema de reducción planetaria de alto torque.,Disponible
Toyota,Hilux Revo,2016-2024,Pickup 4x4 / 4x2,Carrocería & Eléctrico,Sensor de Velocidad ABS,sensor-abs,Sensores de velocidad de rueda ABS de alta precisión magnética.,Disponible
Toyota,Land Cruiser Prado,2010-2024,SUV 4x4,Motor & Distribución,Kit de Distribución Completo,kit-distribucion,"Kit completo con correa o cadena dentada de alta resistencia, tensores automáticos y poleas de guía.",Disponible
Toyota,Land Cruiser Prado,2010-2024,SUV 4x4,Motor & Distribución,Bomba de Agua Refrigeración,bomba-agua,Bomba de agua con rodamiento sellado y sellos cerámicos de alta eficiencia.,Disponible
Toyota,Land Cruiser Prado,2010-2024,SUV 4x4,Motor & Distribución,Empaquetaduras de Motor,empaquetaduras,"Juegos de empaquetaduras de culata multilámina, múltiple de admisión/escape y tapa de válvulas.",Disponible
Toyota,Land Cruiser Prado,2010-2024,SUV 4x4,Motor & Distribución,Correa de Accesorios Poly-V,correa-accesorios,"Correas Poly-V estriadas de alta durabilidad para alternador, bomba de dirección y compresor A/C.",Disponible
Toyota,Land Cruiser Prado,2010-2024,SUV 4x4,Motor & Distribución,Tensor de Correa Automático,tensor-correa,Tensor automático con amortiguación hidráulica interna y polea termoplástica.,Disponible
Toyota,Land Cruiser Prado,2010-2024,SUV 4x4,Motor & Distribución,Polea de Guía y Desvío,polea-guia,Poleas locas y de desvío con rodamientos sellados de doble hilera de bolas.,Disponible
Toyota,Land Cruiser Prado,2010-2024,SUV 4x4,Filtros & Lubricantes,Filtro de Aceite Blindado,filtro-aceite,Filtro de aceite con válvula antidrenaje y papel filtrante de microfibra sintética.,Disponible
Toyota,Land Cruiser Prado,2010-2024,SUV 4x4,Filtros & Lubricantes,Filtro de Aire Motor,filtro-aire,Filtro de aire con plisado de alta densidad para máxima retención de partículas.,Disponible
Toyota,Land Cruiser Prado,2010-2024,SUV 4x4,Filtros & Lubricantes,Filtro de Petróleo / Diésel,filtro-petroleo,Filtro de combustible con separador de agua para sistemas common rail.,Disponible
Toyota,Land Cruiser Prado,2010-2024,SUV 4x4,Filtros & Lubricantes,Filtro de Polen / Habitáculo,filtro-habitaculo,Filtro de polen con capa de carbón activado antibacteriano.,Disponible
Toyota,Land Cruiser Prado,2010-2024,SUV 4x4,Filtros & Lubricantes,Aceites de Motor 5W-30 / 5W-40,aceite-5w30,Aceite de motor 100% sintético con especificación ACEA C2/C3 para motores con DPF.,Disponible
Toyota,Land Cruiser Prado,2010-2024,SUV 4x4,Filtros & Lubricantes,Refrigerantes 50/50 OAT,refrigerantes,Líquido refrigerante / anticongelante de larga duración orgánico premezclado.,Disponible
Toyota,Land Cruiser Prado,2010-2024,SUV 4x4,Filtros & Lubricantes,Aditivos para Diésel y Motor,aditivos,"Tratamientos para sistema de inyección diésel, limpiadores y mejoradores de cetano.",Disponible
Toyota,Land Cruiser Prado,2010-2024,SUV 4x4,Filtros & Lubricantes,Aceite de Transmisión 75W-90 GL-5,aceite-transmision,"Aceite sintético para transmisiones manuales, diferenciales y cajas de transferencia.",Disponible
Toyota,Land Cruiser Prado,2010-2024,SUV 4x4,Filtros & Lubricantes,Desengrasantes Mecánicos,desengrasante,Desengrasante de alta potencia para limpieza de motor y componentes mecánicos.,Disponible
Toyota,Land Cruiser Prado,2010-2024,SUV 4x4,Suspensión & Dirección,Bandeja de Suspensión Delantera,bandeja-suspension,Bandejas de suspensión superior e inferior con bujes vulcanizados y rótula prensada.,Disponible
Toyota,Land Cruiser Prado,2010-2024,SUV 4x4,Suspensión & Dirección,Rótulas de Suspensión Reforzadas,rotula,Rótulas de acero forjado con guardapolvo de poliuretano.,Disponible
Toyota,Land Cruiser Prado,2010-2024,SUV 4x4,Suspensión & Dirección,Terminales y Axiales de Dirección,terminal-direccion,Terminales exteriores e interiores con rosca de precisión milimétrica.,Disponible
Toyota,Land Cruiser Prado,2010-2024,SUV 4x4,Suspensión & Dirección,Cremallera de Dirección Hidráulica,cremallera,Cremalleras de dirección hidráulica y electroasistida completas.,Disponible
Toyota,Land Cruiser Prado,2010-2024,SUV 4x4,Suspensión & Dirección,Amortiguadores Delanteros y Traseros,amortiguador,Amortiguadores a gas nitrógeno bitubo de respuesta progresiva.,Disponible
Toyota,Land Cruiser Prado,2010-2024,SUV 4x4,Embrague & Transmisión,Kit de Embrague Reforzado,kit-embrague,Kit de embrague completo con prensa de diafragma templado y disco orgánico.,Disponible
Toyota,Land Cruiser Prado,2010-2024,SUV 4x4,Embrague & Transmisión,Disco de Embrague de Repuesto,disco-embrague,Disco de embrague con forro de alta fricción y resortes amortiguadores dobles.,Disponible
Toyota,Land Cruiser Prado,2010-2024,SUV 4x4,Embrague & Transmisión,Rodamiento de Empuje / Collarín Hidráulico,rodamiento-empuje,Rodamiento de empuje mecánico y collarines hidráulicos concéntricos.,Disponible
Toyota,Land Cruiser Prado,2010-2024,SUV 4x4,Embrague & Transmisión,Cruceta de Cardán y Transmisión,cruceta-cardan,Crucetas de cardán con grasera de engrase y sellos laberinto de triple labio.,Disponible
Toyota,Land Cruiser Prado,2010-2024,SUV 4x4,Frenos,Pastillas de Freno Cerámicas Delanteras,pastillas-freno,Pastillas de formulación cerámica de bajo polvo y alto coeficiente de fricción.,Disponible
Toyota,Land Cruiser Prado,2010-2024,SUV 4x4,Frenos,Discos de Freno Ventilados,discos-freno,Discos de freno ventilados con aleación de alto contenido de carbono.,Disponible
Toyota,Land Cruiser Prado,2010-2024,SUV 4x4,Frenos,Bombas de Freno,bomba-freno,Cilindro maestro de freno de doble circuito con depósito de líquido.,Disponible
Toyota,Land Cruiser Prado,2010-2024,SUV 4x4,Frenos,Balatas de Freno,balatas-freno,Juegos de zapatas de freno traseras con forro de alta resistencia al calor.,Disponible
Toyota,Land Cruiser Prado,2010-2024,SUV 4x4,Frenos,Tambores de Freno,tambor-freno,Tambores traseros de fundición gris equilibrados dinámicamente.,Disponible
Toyota,Land Cruiser Prado,2010-2024,SUV 4x4,Frenos,Cilindro de Rueda / Freno Trasero,cilindro-freno,Cilindros receptores traseros con pistones de aluminio anodizado.,Disponible
Toyota,Land Cruiser Prado,2010-2024,SUV 4x4,Carrocería & Eléctrico,Ópticos y Focos,opticos-focos,Faros delanteros ópticos principales y focos traseros de alta durabilidad.,Disponible
Toyota,Land Cruiser Prado,2010-2024,SUV 4x4,Carrocería & Eléctrico,Kit de Ampolletas Halógenas / LED,ampolletas,"Ampolletas H4, H7, H11 en tecnología halógena de alto rendimiento y LED Canbus.",Disponible
Toyota,Land Cruiser Prado,2010-2024,SUV 4x4,Carrocería & Eléctrico,Alternador de Alto Amperaje,alternador,Alternadores de 110A a 150A con regulador electrónico incorporado.,Disponible
Toyota,Land Cruiser Prado,2010-2024,SUV 4x4,Carrocería & Eléctrico,Motor de Partida / Arranque Reforzado,motor-partida,Motores de arranque con sistema de reducción planetaria de alto torque.,Disponible
Toyota,Land Cruiser Prado,2010-2024,SUV 4x4,Carrocería & Eléctrico,Sensor de Velocidad ABS,sensor-abs,Sensores de velocidad de rueda ABS de alta precisión magnética.,Disponible
Toyota,Fortuner,2016-2024,SUV 4x4,Motor & Distribución,Kit de Distribución Completo,kit-distribucion,"Kit completo con correa o cadena dentada de alta resistencia, tensores automáticos y poleas de guía.",Disponible
Toyota,Fortuner,2016-2024,SUV 4x4,Motor & Distribución,Bomba de Agua Refrigeración,bomba-agua,Bomba de agua con rodamiento sellado y sellos cerámicos de alta eficiencia.,Disponible
Toyota,Fortuner,2016-2024,SUV 4x4,Motor & Distribución,Empaquetaduras de Motor,empaquetaduras,"Juegos de empaquetaduras de culata multilámina, múltiple de admisión/escape y tapa de válvulas.",Disponible
Toyota,Fortuner,2016-2024,SUV 4x4,Motor & Distribución,Correa de Accesorios Poly-V,correa-accesorios,"Correas Poly-V estriadas de alta durabilidad para alternador, bomba de dirección y compresor A/C.",Disponible
Toyota,Fortuner,2016-2024,SUV 4x4,Motor & Distribución,Tensor de Correa Automático,tensor-correa,Tensor automático con amortiguación hidráulica interna y polea termoplástica.,Disponible
Toyota,Fortuner,2016-2024,SUV 4x4,Motor & Distribución,Polea de Guía y Desvío,polea-guia,Poleas locas y de desvío con rodamientos sellados de doble hilera de bolas.,Disponible
Toyota,Fortuner,2016-2024,SUV 4x4,Filtros & Lubricantes,Filtro de Aceite Blindado,filtro-aceite,Filtro de aceite con válvula antidrenaje y papel filtrante de microfibra sintética.,Disponible
Toyota,Fortuner,2016-2024,SUV 4x4,Filtros & Lubricantes,Filtro de Aire Motor,filtro-aire,Filtro de aire con plisado de alta densidad para máxima retención de partículas.,Disponible
Toyota,Fortuner,2016-2024,SUV 4x4,Filtros & Lubricantes,Filtro de Petróleo / Diésel,filtro-petroleo,Filtro de combustible con separador de agua para sistemas common rail.,Disponible
Toyota,Fortuner,2016-2024,SUV 4x4,Filtros & Lubricantes,Filtro de Polen / Habitáculo,filtro-habitaculo,Filtro de polen con capa de carbón activado antibacteriano.,Disponible
Toyota,Fortuner,2016-2024,SUV 4x4,Filtros & Lubricantes,Aceites de Motor 5W-30 / 5W-40,aceite-5w30,Aceite de motor 100% sintético con especificación ACEA C2/C3 para motores con DPF.,Disponible
Toyota,Fortuner,2016-2024,SUV 4x4,Filtros & Lubricantes,Refrigerantes 50/50 OAT,refrigerantes,Líquido refrigerante / anticongelante de larga duración orgánico premezclado.,Disponible
Toyota,Fortuner,2016-2024,SUV 4x4,Filtros & Lubricantes,Aditivos para Diésel y Motor,aditivos,"Tratamientos para sistema de inyección diésel, limpiadores y mejoradores de cetano.",Disponible
Toyota,Fortuner,2016-2024,SUV 4x4,Filtros & Lubricantes,Aceite de Transmisión 75W-90 GL-5,aceite-transmision,"Aceite sintético para transmisiones manuales, diferenciales y cajas de transferencia.",Disponible
Toyota,Fortuner,2016-2024,SUV 4x4,Filtros & Lubricantes,Desengrasantes Mecánicos,desengrasante,Desengrasante de alta potencia para limpieza de motor y componentes mecánicos.,Disponible
Toyota,Fortuner,2016-2024,SUV 4x4,Suspensión & Dirección,Bandeja de Suspensión Delantera,bandeja-suspension,Bandejas de suspensión superior e inferior con bujes vulcanizados y rótula prensada.,Disponible
Toyota,Fortuner,2016-2024,SUV 4x4,Suspensión & Dirección,Rótulas de Suspensión Reforzadas,rotula,Rótulas de acero forjado con guardapolvo de poliuretano.,Disponible
Toyota,Fortuner,2016-2024,SUV 4x4,Suspensión & Dirección,Terminales y Axiales de Dirección,terminal-direccion,Terminales exteriores e interiores con rosca de precisión milimétrica.,Disponible
Toyota,Fortuner,2016-2024,SUV 4x4,Suspensión & Dirección,Cremallera de Dirección Hidráulica,cremallera,Cremalleras de dirección hidráulica y electroasistida completas.,Disponible
Toyota,Fortuner,2016-2024,SUV 4x4,Suspensión & Dirección,Amortiguadores Delanteros y Traseros,amortiguador,Amortiguadores a gas nitrógeno bitubo de respuesta progresiva.,Disponible
Toyota,Fortuner,2016-2024,SUV 4x4,Embrague & Transmisión,Kit de Embrague Reforzado,kit-embrague,Kit de embrague completo con prensa de diafragma templado y disco orgánico.,Disponible
Toyota,Fortuner,2016-2024,SUV 4x4,Embrague & Transmisión,Disco de Embrague de Repuesto,disco-embrague,Disco de embrague con forro de alta fricción y resortes amortiguadores dobles.,Disponible
Toyota,Fortuner,2016-2024,SUV 4x4,Embrague & Transmisión,Rodamiento de Empuje / Collarín Hidráulico,rodamiento-empuje,Rodamiento de empuje mecánico y collarines hidráulicos concéntricos.,Disponible
Toyota,Fortuner,2016-2024,SUV 4x4,Embrague & Transmisión,Cruceta de Cardán y Transmisión,cruceta-cardan,Crucetas de cardán con grasera de engrase y sellos laberinto de triple labio.,Disponible
Toyota,Fortuner,2016-2024,SUV 4x4,Frenos,Pastillas de Freno Cerámicas Delanteras,pastillas-freno,Pastillas de formulación cerámica de bajo polvo y alto coeficiente de fricción.,Disponible
Toyota,Fortuner,2016-2024,SUV 4x4,Frenos,Discos de Freno Ventilados,discos-freno,Discos de freno ventilados con aleación de alto contenido de carbono.,Disponible
Toyota,Fortuner,2016-2024,SUV 4x4,Frenos,Bombas de Freno,bomba-freno,Cilindro maestro de freno de doble circuito con depósito de líquido.,Disponible
Toyota,Fortuner,2016-2024,SUV 4x4,Frenos,Balatas de Freno,balatas-freno,Juegos de zapatas de freno traseras con forro de alta resistencia al calor.,Disponible
Toyota,Fortuner,2016-2024,SUV 4x4,Frenos,Tambores de Freno,tambor-freno,Tambores traseros de fundición gris equilibrados dinámicamente.,Disponible
Toyota,Fortuner,2016-2024,SUV 4x4,Frenos,Cilindro de Rueda / Freno Trasero,cilindro-freno,Cilindros receptores traseros con pistones de aluminio anodizado.,Disponible
Toyota,Fortuner,2016-2024,SUV 4x4,Carrocería & Eléctrico,Ópticos y Focos,opticos-focos,Faros delanteros ópticos principales y focos traseros de alta durabilidad.,Disponible
Toyota,Fortuner,2016-2024,SUV 4x4,Carrocería & Eléctrico,Kit de Ampolletas Halógenas / LED,ampolletas,"Ampolletas H4, H7, H11 en tecnología halógena de alto rendimiento y LED Canbus.",Disponible
Toyota,Fortuner,2016-2024,SUV 4x4,Carrocería & Eléctrico,Alternador de Alto Amperaje,alternador,Alternadores de 110A a 150A con regulador electrónico incorporado.,Disponible
Toyota,Fortuner,2016-2024,SUV 4x4,Carrocería & Eléctrico,Motor de Partida / Arranque Reforzado,motor-partida,Motores de arranque con sistema de reducción planetaria de alto torque.,Disponible
Toyota,Fortuner,2016-2024,SUV 4x4,Carrocería & Eléctrico,Sensor de Velocidad ABS,sensor-abs,Sensores de velocidad de rueda ABS de alta precisión magnética.,Disponible
Nissan,NP300,2008-2024,Pickup 4x4 / 4x2,Motor & Distribución,Kit de Distribución Completo,kit-distribucion,"Kit completo con correa o cadena dentada de alta resistencia, tensores automáticos y poleas de guía.",Disponible
Nissan,NP300,2008-2024,Pickup 4x4 / 4x2,Motor & Distribución,Bomba de Agua Refrigeración,bomba-agua,Bomba de agua con rodamiento sellado y sellos cerámicos de alta eficiencia.,Disponible
Nissan,NP300,2008-2024,Pickup 4x4 / 4x2,Motor & Distribución,Empaquetaduras de Motor,empaquetaduras,"Juegos de empaquetaduras de culata multilámina, múltiple de admisión/escape y tapa de válvulas.",Disponible
Nissan,NP300,2008-2024,Pickup 4x4 / 4x2,Motor & Distribución,Correa de Accesorios Poly-V,correa-accesorios,"Correas Poly-V estriadas de alta durabilidad para alternador, bomba de dirección y compresor A/C.",Disponible
Nissan,NP300,2008-2024,Pickup 4x4 / 4x2,Motor & Distribución,Tensor de Correa Automático,tensor-correa,Tensor automático con amortiguación hidráulica interna y polea termoplástica.,Disponible
Nissan,NP300,2008-2024,Pickup 4x4 / 4x2,Motor & Distribución,Polea de Guía y Desvío,polea-guia,Poleas locas y de desvío con rodamientos sellados de doble hilera de bolas.,Disponible
Nissan,NP300,2008-2024,Pickup 4x4 / 4x2,Filtros & Lubricantes,Filtro de Aceite Blindado,filtro-aceite,Filtro de aceite con válvula antidrenaje y papel filtrante de microfibra sintética.,Disponible
Nissan,NP300,2008-2024,Pickup 4x4 / 4x2,Filtros & Lubricantes,Filtro de Aire Motor,filtro-aire,Filtro de aire con plisado de alta densidad para máxima retención de partículas.,Disponible
Nissan,NP300,2008-2024,Pickup 4x4 / 4x2,Filtros & Lubricantes,Filtro de Petróleo / Diésel,filtro-petroleo,Filtro de combustible con separador de agua para sistemas common rail.,Disponible
Nissan,NP300,2008-2024,Pickup 4x4 / 4x2,Filtros & Lubricantes,Filtro de Polen / Habitáculo,filtro-habitaculo,Filtro de polen con capa de carbón activado antibacteriano.,Disponible
Nissan,NP300,2008-2024,Pickup 4x4 / 4x2,Filtros & Lubricantes,Aceites de Motor 5W-30 / 5W-40,aceite-5w30,Aceite de motor 100% sintético con especificación ACEA C2/C3 para motores con DPF.,Disponible
Nissan,NP300,2008-2024,Pickup 4x4 / 4x2,Filtros & Lubricantes,Refrigerantes 50/50 OAT,refrigerantes,Líquido refrigerante / anticongelante de larga duración orgánico premezclado.,Disponible
Nissan,NP300,2008-2024,Pickup 4x4 / 4x2,Filtros & Lubricantes,Aditivos para Diésel y Motor,aditivos,"Tratamientos para sistema de inyección diésel, limpiadores y mejoradores de cetano.",Disponible
Nissan,NP300,2008-2024,Pickup 4x4 / 4x2,Filtros & Lubricantes,Aceite de Transmisión 75W-90 GL-5,aceite-transmision,"Aceite sintético para transmisiones manuales, diferenciales y cajas de transferencia.",Disponible
Nissan,NP300,2008-2024,Pickup 4x4 / 4x2,Filtros & Lubricantes,Desengrasantes Mecánicos,desengrasante,Desengrasante de alta potencia para limpieza de motor y componentes mecánicos.,Disponible
Nissan,NP300,2008-2024,Pickup 4x4 / 4x2,Suspensión & Dirección,Bandeja de Suspensión Delantera,bandeja-suspension,Bandejas de suspensión superior e inferior con bujes vulcanizados y rótula prensada.,Disponible
Nissan,NP300,2008-2024,Pickup 4x4 / 4x2,Suspensión & Dirección,Rótulas de Suspensión Reforzadas,rotula,Rótulas de acero forjado con guardapolvo de poliuretano.,Disponible
Nissan,NP300,2008-2024,Pickup 4x4 / 4x2,Suspensión & Dirección,Terminales y Axiales de Dirección,terminal-direccion,Terminales exteriores e interiores con rosca de precisión milimétrica.,Disponible
Nissan,NP300,2008-2024,Pickup 4x4 / 4x2,Suspensión & Dirección,Cremallera de Dirección Hidráulica,cremallera,Cremalleras de dirección hidráulica y electroasistida completas.,Disponible
Nissan,NP300,2008-2024,Pickup 4x4 / 4x2,Suspensión & Dirección,Amortiguadores Delanteros y Traseros,amortiguador,Amortiguadores a gas nitrógeno bitubo de respuesta progresiva.,Disponible
Nissan,NP300,2008-2024,Pickup 4x4 / 4x2,Embrague & Transmisión,Kit de Embrague Reforzado,kit-embrague,Kit de embrague completo con prensa de diafragma templado y disco orgánico.,Disponible
Nissan,NP300,2008-2024,Pickup 4x4 / 4x2,Embrague & Transmisión,Disco de Embrague de Repuesto,disco-embrague,Disco de embrague con forro de alta fricción y resortes amortiguadores dobles.,Disponible
Nissan,NP300,2008-2024,Pickup 4x4 / 4x2,Embrague & Transmisión,Rodamiento de Empuje / Collarín Hidráulico,rodamiento-empuje,Rodamiento de empuje mecánico y collarines hidráulicos concéntricos.,Disponible
Nissan,NP300,2008-2024,Pickup 4x4 / 4x2,Embrague & Transmisión,Cruceta de Cardán y Transmisión,cruceta-cardan,Crucetas de cardán con grasera de engrase y sellos laberinto de triple labio.,Disponible
Nissan,NP300,2008-2024,Pickup 4x4 / 4x2,Frenos,Pastillas de Freno Cerámicas Delanteras,pastillas-freno,Pastillas de formulación cerámica de bajo polvo y alto coeficiente de fricción.,Disponible
Nissan,NP300,2008-2024,Pickup 4x4 / 4x2,Frenos,Discos de Freno Ventilados,discos-freno,Discos de freno ventilados con aleación de alto contenido de carbono.,Disponible
Nissan,NP300,2008-2024,Pickup 4x4 / 4x2,Frenos,Bombas de Freno,bomba-freno,Cilindro maestro de freno de doble circuito con depósito de líquido.,Disponible
Nissan,NP300,2008-2024,Pickup 4x4 / 4x2,Frenos,Balatas de Freno,balatas-freno,Juegos de zapatas de freno traseras con forro de alta resistencia al calor.,Disponible
Nissan,NP300,2008-2024,Pickup 4x4 / 4x2,Frenos,Tambores de Freno,tambor-freno,Tambores traseros de fundición gris equilibrados dinámicamente.,Disponible
Nissan,NP300,2008-2024,Pickup 4x4 / 4x2,Frenos,Cilindro de Rueda / Freno Trasero,cilindro-freno,Cilindros receptores traseros con pistones de aluminio anodizado.,Disponible
Nissan,NP300,2008-2024,Pickup 4x4 / 4x2,Carrocería & Eléctrico,Ópticos y Focos,opticos-focos,Faros delanteros ópticos principales y focos traseros de alta durabilidad.,Disponible
Nissan,NP300,2008-2024,Pickup 4x4 / 4x2,Carrocería & Eléctrico,Kit de Ampolletas Halógenas / LED,ampolletas,"Ampolletas H4, H7, H11 en tecnología halógena de alto rendimiento y LED Canbus.",Disponible
Nissan,NP300,2008-2024,Pickup 4x4 / 4x2,Carrocería & Eléctrico,Alternador de Alto Amperaje,alternador,Alternadores de 110A a 150A con regulador electrónico incorporado.,Disponible
Nissan,NP300,2008-2024,Pickup 4x4 / 4x2,Carrocería & Eléctrico,Motor de Partida / Arranque Reforzado,motor-partida,Motores de arranque con sistema de reducción planetaria de alto torque.,Disponible
Nissan,NP300,2008-2024,Pickup 4x4 / 4x2,Carrocería & Eléctrico,Sensor de Velocidad ABS,sensor-abs,Sensores de velocidad de rueda ABS de alta precisión magnética.,Disponible
Nissan,Frontier,2015-2024,Pickup 4x4 / 4x2,Motor & Distribución,Kit de Distribución Completo,kit-distribucion,"Kit completo con correa o cadena dentada de alta resistencia, tensores automáticos y poleas de guía.",Disponible
Nissan,Frontier,2015-2024,Pickup 4x4 / 4x2,Motor & Distribución,Bomba de Agua Refrigeración,bomba-agua,Bomba de agua con rodamiento sellado y sellos cerámicos de alta eficiencia.,Disponible
Nissan,Frontier,2015-2024,Pickup 4x4 / 4x2,Motor & Distribución,Empaquetaduras de Motor,empaquetaduras,"Juegos de empaquetaduras de culata multilámina, múltiple de admisión/escape y tapa de válvulas.",Disponible
Nissan,Frontier,2015-2024,Pickup 4x4 / 4x2,Motor & Distribución,Correa de Accesorios Poly-V,correa-accesorios,"Correas Poly-V estriadas de alta durabilidad para alternador, bomba de dirección y compresor A/C.",Disponible
Nissan,Frontier,2015-2024,Pickup 4x4 / 4x2,Motor & Distribución,Tensor de Correa Automático,tensor-correa,Tensor automático con amortiguación hidráulica interna y polea termoplástica.,Disponible
Nissan,Frontier,2015-2024,Pickup 4x4 / 4x2,Motor & Distribución,Polea de Guía y Desvío,polea-guia,Poleas locas y de desvío con rodamientos sellados de doble hilera de bolas.,Disponible
Nissan,Frontier,2015-2024,Pickup 4x4 / 4x2,Filtros & Lubricantes,Filtro de Aceite Blindado,filtro-aceite,Filtro de aceite con válvula antidrenaje y papel filtrante de microfibra sintética.,Disponible
Nissan,Frontier,2015-2024,Pickup 4x4 / 4x2,Filtros & Lubricantes,Filtro de Aire Motor,filtro-aire,Filtro de aire con plisado de alta densidad para máxima retención de partículas.,Disponible
Nissan,Frontier,2015-2024,Pickup 4x4 / 4x2,Filtros & Lubricantes,Filtro de Petróleo / Diésel,filtro-petroleo,Filtro de combustible con separador de agua para sistemas common rail.,Disponible
Nissan,Frontier,2015-2024,Pickup 4x4 / 4x2,Filtros & Lubricantes,Filtro de Polen / Habitáculo,filtro-habitaculo,Filtro de polen con capa de carbón activado antibacteriano.,Disponible
Nissan,Frontier,2015-2024,Pickup 4x4 / 4x2,Filtros & Lubricantes,Aceites de Motor 5W-30 / 5W-40,aceite-5w30,Aceite de motor 100% sintético con especificación ACEA C2/C3 para motores con DPF.,Disponible
Nissan,Frontier,2015-2024,Pickup 4x4 / 4x2,Filtros & Lubricantes,Refrigerantes 50/50 OAT,refrigerantes,Líquido refrigerante / anticongelante de larga duración orgánico premezclado.,Disponible
Nissan,Frontier,2015-2024,Pickup 4x4 / 4x2,Filtros & Lubricantes,Aditivos para Diésel y Motor,aditivos,"Tratamientos para sistema de inyección diésel, limpiadores y mejoradores de cetano.",Disponible
Nissan,Frontier,2015-2024,Pickup 4x4 / 4x2,Filtros & Lubricantes,Aceite de Transmisión 75W-90 GL-5,aceite-transmision,"Aceite sintético para transmisiones manuales, diferenciales y cajas de transferencia.",Disponible
Nissan,Frontier,2015-2024,Pickup 4x4 / 4x2,Filtros & Lubricantes,Desengrasantes Mecánicos,desengrasante,Desengrasante de alta potencia para limpieza de motor y componentes mecánicos.,Disponible
Nissan,Frontier,2015-2024,Pickup 4x4 / 4x2,Suspensión & Dirección,Bandeja de Suspensión Delantera,bandeja-suspension,Bandejas de suspensión superior e inferior con bujes vulcanizados y rótula prensada.,Disponible
Nissan,Frontier,2015-2024,Pickup 4x4 / 4x2,Suspensión & Dirección,Rótulas de Suspensión Reforzadas,rotula,Rótulas de acero forjado con guardapolvo de poliuretano.,Disponible
Nissan,Frontier,2015-2024,Pickup 4x4 / 4x2,Suspensión & Dirección,Terminales y Axiales de Dirección,terminal-direccion,Terminales exteriores e interiores con rosca de precisión milimétrica.,Disponible
Nissan,Frontier,2015-2024,Pickup 4x4 / 4x2,Suspensión & Dirección,Cremallera de Dirección Hidráulica,cremallera,Cremalleras de dirección hidráulica y electroasistida completas.,Disponible
Nissan,Frontier,2015-2024,Pickup 4x4 / 4x2,Suspensión & Dirección,Amortiguadores Delanteros y Traseros,amortiguador,Amortiguadores a gas nitrógeno bitubo de respuesta progresiva.,Disponible
Nissan,Frontier,2015-2024,Pickup 4x4 / 4x2,Embrague & Transmisión,Kit de Embrague Reforzado,kit-embrague,Kit de embrague completo con prensa de diafragma templado y disco orgánico.,Disponible
Nissan,Frontier,2015-2024,Pickup 4x4 / 4x2,Embrague & Transmisión,Disco de Embrague de Repuesto,disco-embrague,Disco de embrague con forro de alta fricción y resortes amortiguadores dobles.,Disponible
Nissan,Frontier,2015-2024,Pickup 4x4 / 4x2,Embrague & Transmisión,Rodamiento de Empuje / Collarín Hidráulico,rodamiento-empuje,Rodamiento de empuje mecánico y collarines hidráulicos concéntricos.,Disponible
Nissan,Frontier,2015-2024,Pickup 4x4 / 4x2,Embrague & Transmisión,Cruceta de Cardán y Transmisión,cruceta-cardan,Crucetas de cardán con grasera de engrase y sellos laberinto de triple labio.,Disponible
Nissan,Frontier,2015-2024,Pickup 4x4 / 4x2,Frenos,Pastillas de Freno Cerámicas Delanteras,pastillas-freno,Pastillas de formulación cerámica de bajo polvo y alto coeficiente de fricción.,Disponible
Nissan,Frontier,2015-2024,Pickup 4x4 / 4x2,Frenos,Discos de Freno Ventilados,discos-freno,Discos de freno ventilados con aleación de alto contenido de carbono.,Disponible
Nissan,Frontier,2015-2024,Pickup 4x4 / 4x2,Frenos,Bombas de Freno,bomba-freno,Cilindro maestro de freno de doble circuito con depósito de líquido.,Disponible
Nissan,Frontier,2015-2024,Pickup 4x4 / 4x2,Frenos,Balatas de Freno,balatas-freno,Juegos de zapatas de freno traseras con forro de alta resistencia al calor.,Disponible
Nissan,Frontier,2015-2024,Pickup 4x4 / 4x2,Frenos,Tambores de Freno,tambor-freno,Tambores traseros de fundición gris equilibrados dinámicamente.,Disponible
Nissan,Frontier,2015-2024,Pickup 4x4 / 4x2,Frenos,Cilindro de Rueda / Freno Trasero,cilindro-freno,Cilindros receptores traseros con pistones de aluminio anodizado.,Disponible
Nissan,Frontier,2015-2024,Pickup 4x4 / 4x2,Carrocería & Eléctrico,Ópticos y Focos,opticos-focos,Faros delanteros ópticos principales y focos traseros de alta durabilidad.,Disponible
Nissan,Frontier,2015-2024,Pickup 4x4 / 4x2,Carrocería & Eléctrico,Kit de Ampolletas Halógenas / LED,ampolletas,"Ampolletas H4, H7, H11 en tecnología halógena de alto rendimiento y LED Canbus.",Disponible
Nissan,Frontier,2015-2024,Pickup 4x4 / 4x2,Carrocería & Eléctrico,Alternador de Alto Amperaje,alternador,Alternadores de 110A a 150A con regulador electrónico incorporado.,Disponible
Nissan,Frontier,2015-2024,Pickup 4x4 / 4x2,Carrocería & Eléctrico,Motor de Partida / Arranque Reforzado,motor-partida,Motores de arranque con sistema de reducción planetaria de alto torque.,Disponible
Nissan,Frontier,2015-2024,Pickup 4x4 / 4x2,Carrocería & Eléctrico,Sensor de Velocidad ABS,sensor-abs,Sensores de velocidad de rueda ABS de alta precisión magnética.,Disponible
Nissan,Navara,2015-2024,Pickup 4x4 / 4x2,Motor & Distribución,Kit de Distribución Completo,kit-distribucion,"Kit completo con correa o cadena dentada de alta resistencia, tensores automáticos y poleas de guía.",Disponible
Nissan,Navara,2015-2024,Pickup 4x4 / 4x2,Motor & Distribución,Bomba de Agua Refrigeración,bomba-agua,Bomba de agua con rodamiento sellado y sellos cerámicos de alta eficiencia.,Disponible
Nissan,Navara,2015-2024,Pickup 4x4 / 4x2,Motor & Distribución,Empaquetaduras de Motor,empaquetaduras,"Juegos de empaquetaduras de culata multilámina, múltiple de admisión/escape y tapa de válvulas.",Disponible
Nissan,Navara,2015-2024,Pickup 4x4 / 4x2,Motor & Distribución,Correa de Accesorios Poly-V,correa-accesorios,"Correas Poly-V estriadas de alta durabilidad para alternador, bomba de dirección y compresor A/C.",Disponible
Nissan,Navara,2015-2024,Pickup 4x4 / 4x2,Motor & Distribución,Tensor de Correa Automático,tensor-correa,Tensor automático con amortiguación hidráulica interna y polea termoplástica.,Disponible
Nissan,Navara,2015-2024,Pickup 4x4 / 4x2,Motor & Distribución,Polea de Guía y Desvío,polea-guia,Poleas locas y de desvío con rodamientos sellados de doble hilera de bolas.,Disponible
Nissan,Navara,2015-2024,Pickup 4x4 / 4x2,Filtros & Lubricantes,Filtro de Aceite Blindado,filtro-aceite,Filtro de aceite con válvula antidrenaje y papel filtrante de microfibra sintética.,Disponible
Nissan,Navara,2015-2024,Pickup 4x4 / 4x2,Filtros & Lubricantes,Filtro de Aire Motor,filtro-aire,Filtro de aire con plisado de alta densidad para máxima retención de partículas.,Disponible
Nissan,Navara,2015-2024,Pickup 4x4 / 4x2,Filtros & Lubricantes,Filtro de Petróleo / Diésel,filtro-petroleo,Filtro de combustible con separador de agua para sistemas common rail.,Disponible
Nissan,Navara,2015-2024,Pickup 4x4 / 4x2,Filtros & Lubricantes,Filtro de Polen / Habitáculo,filtro-habitaculo,Filtro de polen con capa de carbón activado antibacteriano.,Disponible
Nissan,Navara,2015-2024,Pickup 4x4 / 4x2,Filtros & Lubricantes,Aceites de Motor 5W-30 / 5W-40,aceite-5w30,Aceite de motor 100% sintético con especificación ACEA C2/C3 para motores con DPF.,Disponible
Nissan,Navara,2015-2024,Pickup 4x4 / 4x2,Filtros & Lubricantes,Refrigerantes 50/50 OAT,refrigerantes,Líquido refrigerante / anticongelante de larga duración orgánico premezclado.,Disponible
Nissan,Navara,2015-2024,Pickup 4x4 / 4x2,Filtros & Lubricantes,Aditivos para Diésel y Motor,aditivos,"Tratamientos para sistema de inyección diésel, limpiadores y mejoradores de cetano.",Disponible
Nissan,Navara,2015-2024,Pickup 4x4 / 4x2,Filtros & Lubricantes,Aceite de Transmisión 75W-90 GL-5,aceite-transmision,"Aceite sintético para transmisiones manuales, diferenciales y cajas de transferencia.",Disponible
Nissan,Navara,2015-2024,Pickup 4x4 / 4x2,Filtros & Lubricantes,Desengrasantes Mecánicos,desengrasante,Desengrasante de alta potencia para limpieza de motor y componentes mecánicos.,Disponible
Nissan,Navara,2015-2024,Pickup 4x4 / 4x2,Suspensión & Dirección,Bandeja de Suspensión Delantera,bandeja-suspension,Bandejas de suspensión superior e inferior con bujes vulcanizados y rótula prensada.,Disponible
Nissan,Navara,2015-2024,Pickup 4x4 / 4x2,Suspensión & Dirección,Rótulas de Suspensión Reforzadas,rotula,Rótulas de acero forjado con guardapolvo de poliuretano.,Disponible
Nissan,Navara,2015-2024,Pickup 4x4 / 4x2,Suspensión & Dirección,Terminales y Axiales de Dirección,terminal-direccion,Terminales exteriores e interiores con rosca de precisión milimétrica.,Disponible
Nissan,Navara,2015-2024,Pickup 4x4 / 4x2,Suspensión & Dirección,Cremallera de Dirección Hidráulica,cremallera,Cremalleras de dirección hidráulica y electroasistida completas.,Disponible
Nissan,Navara,2015-2024,Pickup 4x4 / 4x2,Suspensión & Dirección,Amortiguadores Delanteros y Traseros,amortiguador,Amortiguadores a gas nitrógeno bitubo de respuesta progresiva.,Disponible
Nissan,Navara,2015-2024,Pickup 4x4 / 4x2,Embrague & Transmisión,Kit de Embrague Reforzado,kit-embrague,Kit de embrague completo con prensa de diafragma templado y disco orgánico.,Disponible
Nissan,Navara,2015-2024,Pickup 4x4 / 4x2,Embrague & Transmisión,Disco de Embrague de Repuesto,disco-embrague,Disco de embrague con forro de alta fricción y resortes amortiguadores dobles.,Disponible
Nissan,Navara,2015-2024,Pickup 4x4 / 4x2,Embrague & Transmisión,Rodamiento de Empuje / Collarín Hidráulico,rodamiento-empuje,Rodamiento de empuje mecánico y collarines hidráulicos concéntricos.,Disponible
Nissan,Navara,2015-2024,Pickup 4x4 / 4x2,Embrague & Transmisión,Cruceta de Cardán y Transmisión,cruceta-cardan,Crucetas de cardán con grasera de engrase y sellos laberinto de triple labio.,Disponible
Nissan,Navara,2015-2024,Pickup 4x4 / 4x2,Frenos,Pastillas de Freno Cerámicas Delanteras,pastillas-freno,Pastillas de formulación cerámica de bajo polvo y alto coeficiente de fricción.,Disponible
Nissan,Navara,2015-2024,Pickup 4x4 / 4x2,Frenos,Discos de Freno Ventilados,discos-freno,Discos de freno ventilados con aleación de alto contenido de carbono.,Disponible
Nissan,Navara,2015-2024,Pickup 4x4 / 4x2,Frenos,Bombas de Freno,bomba-freno,Cilindro maestro de freno de doble circuito con depósito de líquido.,Disponible
Nissan,Navara,2015-2024,Pickup 4x4 / 4x2,Frenos,Balatas de Freno,balatas-freno,Juegos de zapatas de freno traseras con forro de alta resistencia al calor.,Disponible
Nissan,Navara,2015-2024,Pickup 4x4 / 4x2,Frenos,Tambores de Freno,tambor-freno,Tambores traseros de fundición gris equilibrados dinámicamente.,Disponible
Nissan,Navara,2015-2024,Pickup 4x4 / 4x2,Frenos,Cilindro de Rueda / Freno Trasero,cilindro-freno,Cilindros receptores traseros con pistones de aluminio anodizado.,Disponible
Nissan,Navara,2015-2024,Pickup 4x4 / 4x2,Carrocería & Eléctrico,Ópticos y Focos,opticos-focos,Faros delanteros ópticos principales y focos traseros de alta durabilidad.,Disponible
Nissan,Navara,2015-2024,Pickup 4x4 / 4x2,Carrocería & Eléctrico,Kit de Ampolletas Halógenas / LED,ampolletas,"Ampolletas H4, H7, H11 en tecnología halógena de alto rendimiento y LED Canbus.",Disponible
Nissan,Navara,2015-2024,Pickup 4x4 / 4x2,Carrocería & Eléctrico,Alternador de Alto Amperaje,alternador,Alternadores de 110A a 150A con regulador electrónico incorporado.,Disponible
Nissan,Navara,2015-2024,Pickup 4x4 / 4x2,Carrocería & Eléctrico,Motor de Partida / Arranque Reforzado,motor-partida,Motores de arranque con sistema de reducción planetaria de alto torque.,Disponible
Nissan,Navara,2015-2024,Pickup 4x4 / 4x2,Carrocería & Eléctrico,Sensor de Velocidad ABS,sensor-abs,Sensores de velocidad de rueda ABS de alta precisión magnética.,Disponible
Nissan,X-Trail,2014-2024,SUV,Motor & Distribución,Kit de Distribución Completo,kit-distribucion,"Kit completo con correa o cadena dentada de alta resistencia, tensores automáticos y poleas de guía.",Disponible
Nissan,X-Trail,2014-2024,SUV,Motor & Distribución,Bomba de Agua Refrigeración,bomba-agua,Bomba de agua con rodamiento sellado y sellos cerámicos de alta eficiencia.,Disponible
Nissan,X-Trail,2014-2024,SUV,Motor & Distribución,Empaquetaduras de Motor,empaquetaduras,"Juegos de empaquetaduras de culata multilámina, múltiple de admisión/escape y tapa de válvulas.",Disponible
Nissan,X-Trail,2014-2024,SUV,Motor & Distribución,Correa de Accesorios Poly-V,correa-accesorios,"Correas Poly-V estriadas de alta durabilidad para alternador, bomba de dirección y compresor A/C.",Disponible
Nissan,X-Trail,2014-2024,SUV,Motor & Distribución,Tensor de Correa Automático,tensor-correa,Tensor automático con amortiguación hidráulica interna y polea termoplástica.,Disponible
Nissan,X-Trail,2014-2024,SUV,Motor & Distribución,Polea de Guía y Desvío,polea-guia,Poleas locas y de desvío con rodamientos sellados de doble hilera de bolas.,Disponible
Nissan,X-Trail,2014-2024,SUV,Filtros & Lubricantes,Filtro de Aceite Blindado,filtro-aceite,Filtro de aceite con válvula antidrenaje y papel filtrante de microfibra sintética.,Disponible
Nissan,X-Trail,2014-2024,SUV,Filtros & Lubricantes,Filtro de Aire Motor,filtro-aire,Filtro de aire con plisado de alta densidad para máxima retención de partículas.,Disponible
Nissan,X-Trail,2014-2024,SUV,Filtros & Lubricantes,Filtro de Petróleo / Diésel,filtro-petroleo,Filtro de combustible con separador de agua para sistemas common rail.,Disponible
Nissan,X-Trail,2014-2024,SUV,Filtros & Lubricantes,Filtro de Polen / Habitáculo,filtro-habitaculo,Filtro de polen con capa de carbón activado antibacteriano.,Disponible
Nissan,X-Trail,2014-2024,SUV,Filtros & Lubricantes,Aceites de Motor 5W-30 / 5W-40,aceite-5w30,Aceite de motor 100% sintético con especificación ACEA C2/C3 para motores con DPF.,Disponible
Nissan,X-Trail,2014-2024,SUV,Filtros & Lubricantes,Refrigerantes 50/50 OAT,refrigerantes,Líquido refrigerante / anticongelante de larga duración orgánico premezclado.,Disponible
Nissan,X-Trail,2014-2024,SUV,Filtros & Lubricantes,Aditivos para Diésel y Motor,aditivos,"Tratamientos para sistema de inyección diésel, limpiadores y mejoradores de cetano.",Disponible
Nissan,X-Trail,2014-2024,SUV,Filtros & Lubricantes,Aceite de Transmisión 75W-90 GL-5,aceite-transmision,"Aceite sintético para transmisiones manuales, diferenciales y cajas de transferencia.",Disponible
Nissan,X-Trail,2014-2024,SUV,Filtros & Lubricantes,Desengrasantes Mecánicos,desengrasante,Desengrasante de alta potencia para limpieza de motor y componentes mecánicos.,Disponible
Nissan,X-Trail,2014-2024,SUV,Suspensión & Dirección,Bandeja de Suspensión Delantera,bandeja-suspension,Bandejas de suspensión superior e inferior con bujes vulcanizados y rótula prensada.,Disponible
Nissan,X-Trail,2014-2024,SUV,Suspensión & Dirección,Rótulas de Suspensión Reforzadas,rotula,Rótulas de acero forjado con guardapolvo de poliuretano.,Disponible
Nissan,X-Trail,2014-2024,SUV,Suspensión & Dirección,Terminales y Axiales de Dirección,terminal-direccion,Terminales exteriores e interiores con rosca de precisión milimétrica.,Disponible
Nissan,X-Trail,2014-2024,SUV,Suspensión & Dirección,Cremallera de Dirección Hidráulica,cremallera,Cremalleras de dirección hidráulica y electroasistida completas.,Disponible
Nissan,X-Trail,2014-2024,SUV,Suspensión & Dirección,Amortiguadores Delanteros y Traseros,amortiguador,Amortiguadores a gas nitrógeno bitubo de respuesta progresiva.,Disponible
Nissan,X-Trail,2014-2024,SUV,Embrague & Transmisión,Kit de Embrague Reforzado,kit-embrague,Kit de embrague completo con prensa de diafragma templado y disco orgánico.,Disponible
Nissan,X-Trail,2014-2024,SUV,Embrague & Transmisión,Disco de Embrague de Repuesto,disco-embrague,Disco de embrague con forro de alta fricción y resortes amortiguadores dobles.,Disponible
Nissan,X-Trail,2014-2024,SUV,Embrague & Transmisión,Rodamiento de Empuje / Collarín Hidráulico,rodamiento-empuje,Rodamiento de empuje mecánico y collarines hidráulicos concéntricos.,Disponible
Nissan,X-Trail,2014-2024,SUV,Embrague & Transmisión,Cruceta de Cardán y Transmisión,cruceta-cardan,Crucetas de cardán con grasera de engrase y sellos laberinto de triple labio.,Disponible
Nissan,X-Trail,2014-2024,SUV,Frenos,Pastillas de Freno Cerámicas Delanteras,pastillas-freno,Pastillas de formulación cerámica de bajo polvo y alto coeficiente de fricción.,Disponible
Nissan,X-Trail,2014-2024,SUV,Frenos,Discos de Freno Ventilados,discos-freno,Discos de freno ventilados con aleación de alto contenido de carbono.,Disponible
Nissan,X-Trail,2014-2024,SUV,Frenos,Bombas de Freno,bomba-freno,Cilindro maestro de freno de doble circuito con depósito de líquido.,Disponible
Nissan,X-Trail,2014-2024,SUV,Frenos,Balatas de Freno,balatas-freno,Juegos de zapatas de freno traseras con forro de alta resistencia al calor.,Disponible
Nissan,X-Trail,2014-2024,SUV,Frenos,Tambores de Freno,tambor-freno,Tambores traseros de fundición gris equilibrados dinámicamente.,Disponible
Nissan,X-Trail,2014-2024,SUV,Frenos,Cilindro de Rueda / Freno Trasero,cilindro-freno,Cilindros receptores traseros con pistones de aluminio anodizado.,Disponible
Nissan,X-Trail,2014-2024,SUV,Carrocería & Eléctrico,Ópticos y Focos,opticos-focos,Faros delanteros ópticos principales y focos traseros de alta durabilidad.,Disponible
Nissan,X-Trail,2014-2024,SUV,Carrocería & Eléctrico,Kit de Ampolletas Halógenas / LED,ampolletas,"Ampolletas H4, H7, H11 en tecnología halógena de alto rendimiento y LED Canbus.",Disponible
Nissan,X-Trail,2014-2024,SUV,Carrocería & Eléctrico,Alternador de Alto Amperaje,alternador,Alternadores de 110A a 150A con regulador electrónico incorporado.,Disponible
Nissan,X-Trail,2014-2024,SUV,Carrocería & Eléctrico,Motor de Partida / Arranque Reforzado,motor-partida,Motores de arranque con sistema de reducción planetaria de alto torque.,Disponible
Nissan,X-Trail,2014-2024,SUV,Carrocería & Eléctrico,Sensor de Velocidad ABS,sensor-abs,Sensores de velocidad de rueda ABS de alta precisión magnética.,Disponible
Mitsubishi,L200,2006-2024,Pickup 4x4 / 4x2,Motor & Distribución,Kit de Distribución Completo,kit-distribucion,"Kit completo con correa o cadena dentada de alta resistencia, tensores automáticos y poleas de guía.",Disponible
Mitsubishi,L200,2006-2024,Pickup 4x4 / 4x2,Motor & Distribución,Bomba de Agua Refrigeración,bomba-agua,Bomba de agua con rodamiento sellado y sellos cerámicos de alta eficiencia.,Disponible
Mitsubishi,L200,2006-2024,Pickup 4x4 / 4x2,Motor & Distribución,Empaquetaduras de Motor,empaquetaduras,"Juegos de empaquetaduras de culata multilámina, múltiple de admisión/escape y tapa de válvulas.",Disponible
Mitsubishi,L200,2006-2024,Pickup 4x4 / 4x2,Motor & Distribución,Correa de Accesorios Poly-V,correa-accesorios,"Correas Poly-V estriadas de alta durabilidad para alternador, bomba de dirección y compresor A/C.",Disponible
Mitsubishi,L200,2006-2024,Pickup 4x4 / 4x2,Motor & Distribución,Tensor de Correa Automático,tensor-correa,Tensor automático con amortiguación hidráulica interna y polea termoplástica.,Disponible
Mitsubishi,L200,2006-2024,Pickup 4x4 / 4x2,Motor & Distribución,Polea de Guía y Desvío,polea-guia,Poleas locas y de desvío con rodamientos sellados de doble hilera de bolas.,Disponible
Mitsubishi,L200,2006-2024,Pickup 4x4 / 4x2,Filtros & Lubricantes,Filtro de Aceite Blindado,filtro-aceite,Filtro de aceite con válvula antidrenaje y papel filtrante de microfibra sintética.,Disponible
Mitsubishi,L200,2006-2024,Pickup 4x4 / 4x2,Filtros & Lubricantes,Filtro de Aire Motor,filtro-aire,Filtro de aire con plisado de alta densidad para máxima retención de partículas.,Disponible
Mitsubishi,L200,2006-2024,Pickup 4x4 / 4x2,Filtros & Lubricantes,Filtro de Petróleo / Diésel,filtro-petroleo,Filtro de combustible con separador de agua para sistemas common rail.,Disponible
Mitsubishi,L200,2006-2024,Pickup 4x4 / 4x2,Filtros & Lubricantes,Filtro de Polen / Habitáculo,filtro-habitaculo,Filtro de polen con capa de carbón activado antibacteriano.,Disponible
Mitsubishi,L200,2006-2024,Pickup 4x4 / 4x2,Filtros & Lubricantes,Aceites de Motor 5W-30 / 5W-40,aceite-5w30,Aceite de motor 100% sintético con especificación ACEA C2/C3 para motores con DPF.,Disponible
Mitsubishi,L200,2006-2024,Pickup 4x4 / 4x2,Filtros & Lubricantes,Refrigerantes 50/50 OAT,refrigerantes,Líquido refrigerante / anticongelante de larga duración orgánico premezclado.,Disponible
Mitsubishi,L200,2006-2024,Pickup 4x4 / 4x2,Filtros & Lubricantes,Aditivos para Diésel y Motor,aditivos,"Tratamientos para sistema de inyección diésel, limpiadores y mejoradores de cetano.",Disponible
Mitsubishi,L200,2006-2024,Pickup 4x4 / 4x2,Filtros & Lubricantes,Aceite de Transmisión 75W-90 GL-5,aceite-transmision,"Aceite sintético para transmisiones manuales, diferenciales y cajas de transferencia.",Disponible
Mitsubishi,L200,2006-2024,Pickup 4x4 / 4x2,Filtros & Lubricantes,Desengrasantes Mecánicos,desengrasante,Desengrasante de alta potencia para limpieza de motor y componentes mecánicos.,Disponible
Mitsubishi,L200,2006-2024,Pickup 4x4 / 4x2,Suspensión & Dirección,Bandeja de Suspensión Delantera,bandeja-suspension,Bandejas de suspensión superior e inferior con bujes vulcanizados y rótula prensada.,Disponible
Mitsubishi,L200,2006-2024,Pickup 4x4 / 4x2,Suspensión & Dirección,Rótulas de Suspensión Reforzadas,rotula,Rótulas de acero forjado con guardapolvo de poliuretano.,Disponible
Mitsubishi,L200,2006-2024,Pickup 4x4 / 4x2,Suspensión & Dirección,Terminales y Axiales de Dirección,terminal-direccion,Terminales exteriores e interiores con rosca de precisión milimétrica.,Disponible
Mitsubishi,L200,2006-2024,Pickup 4x4 / 4x2,Suspensión & Dirección,Cremallera de Dirección Hidráulica,cremallera,Cremalleras de dirección hidráulica y electroasistida completas.,Disponible
Mitsubishi,L200,2006-2024,Pickup 4x4 / 4x2,Suspensión & Dirección,Amortiguadores Delanteros y Traseros,amortiguador,Amortiguadores a gas nitrógeno bitubo de respuesta progresiva.,Disponible
Mitsubishi,L200,2006-2024,Pickup 4x4 / 4x2,Embrague & Transmisión,Kit de Embrague Reforzado,kit-embrague,Kit de embrague completo con prensa de diafragma templado y disco orgánico.,Disponible
Mitsubishi,L200,2006-2024,Pickup 4x4 / 4x2,Embrague & Transmisión,Disco de Embrague de Repuesto,disco-embrague,Disco de embrague con forro de alta fricción y resortes amortiguadores dobles.,Disponible
Mitsubishi,L200,2006-2024,Pickup 4x4 / 4x2,Embrague & Transmisión,Rodamiento de Empuje / Collarín Hidráulico,rodamiento-empuje,Rodamiento de empuje mecánico y collarines hidráulicos concéntricos.,Disponible
Mitsubishi,L200,2006-2024,Pickup 4x4 / 4x2,Embrague & Transmisión,Cruceta de Cardán y Transmisión,cruceta-cardan,Crucetas de cardán con grasera de engrase y sellos laberinto de triple labio.,Disponible
Mitsubishi,L200,2006-2024,Pickup 4x4 / 4x2,Frenos,Pastillas de Freno Cerámicas Delanteras,pastillas-freno,Pastillas de formulación cerámica de bajo polvo y alto coeficiente de fricción.,Disponible
Mitsubishi,L200,2006-2024,Pickup 4x4 / 4x2,Frenos,Discos de Freno Ventilados,discos-freno,Discos de freno ventilados con aleación de alto contenido de carbono.,Disponible
Mitsubishi,L200,2006-2024,Pickup 4x4 / 4x2,Frenos,Bombas de Freno,bomba-freno,Cilindro maestro de freno de doble circuito con depósito de líquido.,Disponible
Mitsubishi,L200,2006-2024,Pickup 4x4 / 4x2,Frenos,Balatas de Freno,balatas-freno,Juegos de zapatas de freno traseras con forro de alta resistencia al calor.,Disponible
Mitsubishi,L200,2006-2024,Pickup 4x4 / 4x2,Frenos,Tambores de Freno,tambor-freno,Tambores traseros de fundición gris equilibrados dinámicamente.,Disponible
Mitsubishi,L200,2006-2024,Pickup 4x4 / 4x2,Frenos,Cilindro de Rueda / Freno Trasero,cilindro-freno,Cilindros receptores traseros con pistones de aluminio anodizado.,Disponible
Mitsubishi,L200,2006-2024,Pickup 4x4 / 4x2,Carrocería & Eléctrico,Ópticos y Focos,opticos-focos,Faros delanteros ópticos principales y focos traseros de alta durabilidad.,Disponible
Mitsubishi,L200,2006-2024,Pickup 4x4 / 4x2,Carrocería & Eléctrico,Kit de Ampolletas Halógenas / LED,ampolletas,"Ampolletas H4, H7, H11 en tecnología halógena de alto rendimiento y LED Canbus.",Disponible
Mitsubishi,L200,2006-2024,Pickup 4x4 / 4x2,Carrocería & Eléctrico,Alternador de Alto Amperaje,alternador,Alternadores de 110A a 150A con regulador electrónico incorporado.,Disponible
Mitsubishi,L200,2006-2024,Pickup 4x4 / 4x2,Carrocería & Eléctrico,Motor de Partida / Arranque Reforzado,motor-partida,Motores de arranque con sistema de reducción planetaria de alto torque.,Disponible
Mitsubishi,L200,2006-2024,Pickup 4x4 / 4x2,Carrocería & Eléctrico,Sensor de Velocidad ABS,sensor-abs,Sensores de velocidad de rueda ABS de alta precisión magnética.,Disponible
Mitsubishi,L200 Triton,2015-2024,Pickup 4x4 / 4x2,Motor & Distribución,Kit de Distribución Completo,kit-distribucion,"Kit completo con correa o cadena dentada de alta resistencia, tensores automáticos y poleas de guía.",Disponible
Mitsubishi,L200 Triton,2015-2024,Pickup 4x4 / 4x2,Motor & Distribución,Bomba de Agua Refrigeración,bomba-agua,Bomba de agua con rodamiento sellado y sellos cerámicos de alta eficiencia.,Disponible
Mitsubishi,L200 Triton,2015-2024,Pickup 4x4 / 4x2,Motor & Distribución,Empaquetaduras de Motor,empaquetaduras,"Juegos de empaquetaduras de culata multilámina, múltiple de admisión/escape y tapa de válvulas.",Disponible
Mitsubishi,L200 Triton,2015-2024,Pickup 4x4 / 4x2,Motor & Distribución,Correa de Accesorios Poly-V,correa-accesorios,"Correas Poly-V estriadas de alta durabilidad para alternador, bomba de dirección y compresor A/C.",Disponible
Mitsubishi,L200 Triton,2015-2024,Pickup 4x4 / 4x2,Motor & Distribución,Tensor de Correa Automático,tensor-correa,Tensor automático con amortiguación hidráulica interna y polea termoplástica.,Disponible
Mitsubishi,L200 Triton,2015-2024,Pickup 4x4 / 4x2,Motor & Distribución,Polea de Guía y Desvío,polea-guia,Poleas locas y de desvío con rodamientos sellados de doble hilera de bolas.,Disponible
Mitsubishi,L200 Triton,2015-2024,Pickup 4x4 / 4x2,Filtros & Lubricantes,Filtro de Aceite Blindado,filtro-aceite,Filtro de aceite con válvula antidrenaje y papel filtrante de microfibra sintética.,Disponible
Mitsubishi,L200 Triton,2015-2024,Pickup 4x4 / 4x2,Filtros & Lubricantes,Filtro de Aire Motor,filtro-aire,Filtro de aire con plisado de alta densidad para máxima retención de partículas.,Disponible
Mitsubishi,L200 Triton,2015-2024,Pickup 4x4 / 4x2,Filtros & Lubricantes,Filtro de Petróleo / Diésel,filtro-petroleo,Filtro de combustible con separador de agua para sistemas common rail.,Disponible
Mitsubishi,L200 Triton,2015-2024,Pickup 4x4 / 4x2,Filtros & Lubricantes,Filtro de Polen / Habitáculo,filtro-habitaculo,Filtro de polen con capa de carbón activado antibacteriano.,Disponible
Mitsubishi,L200 Triton,2015-2024,Pickup 4x4 / 4x2,Filtros & Lubricantes,Aceites de Motor 5W-30 / 5W-40,aceite-5w30,Aceite de motor 100% sintético con especificación ACEA C2/C3 para motores con DPF.,Disponible
Mitsubishi,L200 Triton,2015-2024,Pickup 4x4 / 4x2,Filtros & Lubricantes,Refrigerantes 50/50 OAT,refrigerantes,Líquido refrigerante / anticongelante de larga duración orgánico premezclado.,Disponible
Mitsubishi,L200 Triton,2015-2024,Pickup 4x4 / 4x2,Filtros & Lubricantes,Aditivos para Diésel y Motor,aditivos,"Tratamientos para sistema de inyección diésel, limpiadores y mejoradores de cetano.",Disponible
Mitsubishi,L200 Triton,2015-2024,Pickup 4x4 / 4x2,Filtros & Lubricantes,Aceite de Transmisión 75W-90 GL-5,aceite-transmision,"Aceite sintético para transmisiones manuales, diferenciales y cajas de transferencia.",Disponible
Mitsubishi,L200 Triton,2015-2024,Pickup 4x4 / 4x2,Filtros & Lubricantes,Desengrasantes Mecánicos,desengrasante,Desengrasante de alta potencia para limpieza de motor y componentes mecánicos.,Disponible
Mitsubishi,L200 Triton,2015-2024,Pickup 4x4 / 4x2,Suspensión & Dirección,Bandeja de Suspensión Delantera,bandeja-suspension,Bandejas de suspensión superior e inferior con bujes vulcanizados y rótula prensada.,Disponible
Mitsubishi,L200 Triton,2015-2024,Pickup 4x4 / 4x2,Suspensión & Dirección,Rótulas de Suspensión Reforzadas,rotula,Rótulas de acero forjado con guardapolvo de poliuretano.,Disponible
Mitsubishi,L200 Triton,2015-2024,Pickup 4x4 / 4x2,Suspensión & Dirección,Terminales y Axiales de Dirección,terminal-direccion,Terminales exteriores e interiores con rosca de precisión milimétrica.,Disponible
Mitsubishi,L200 Triton,2015-2024,Pickup 4x4 / 4x2,Suspensión & Dirección,Cremallera de Dirección Hidráulica,cremallera,Cremalleras de dirección hidráulica y electroasistida completas.,Disponible
Mitsubishi,L200 Triton,2015-2024,Pickup 4x4 / 4x2,Suspensión & Dirección,Amortiguadores Delanteros y Traseros,amortiguador,Amortiguadores a gas nitrógeno bitubo de respuesta progresiva.,Disponible
Mitsubishi,L200 Triton,2015-2024,Pickup 4x4 / 4x2,Embrague & Transmisión,Kit de Embrague Reforzado,kit-embrague,Kit de embrague completo con prensa de diafragma templado y disco orgánico.,Disponible
Mitsubishi,L200 Triton,2015-2024,Pickup 4x4 / 4x2,Embrague & Transmisión,Disco de Embrague de Repuesto,disco-embrague,Disco de embrague con forro de alta fricción y resortes amortiguadores dobles.,Disponible
Mitsubishi,L200 Triton,2015-2024,Pickup 4x4 / 4x2,Embrague & Transmisión,Rodamiento de Empuje / Collarín Hidráulico,rodamiento-empuje,Rodamiento de empuje mecánico y collarines hidráulicos concéntricos.,Disponible
Mitsubishi,L200 Triton,2015-2024,Pickup 4x4 / 4x2,Embrague & Transmisión,Cruceta de Cardán y Transmisión,cruceta-cardan,Crucetas de cardán con grasera de engrase y sellos laberinto de triple labio.,Disponible
Mitsubishi,L200 Triton,2015-2024,Pickup 4x4 / 4x2,Frenos,Pastillas de Freno Cerámicas Delanteras,pastillas-freno,Pastillas de formulación cerámica de bajo polvo y alto coeficiente de fricción.,Disponible
Mitsubishi,L200 Triton,2015-2024,Pickup 4x4 / 4x2,Frenos,Discos de Freno Ventilados,discos-freno,Discos de freno ventilados con aleación de alto contenido de carbono.,Disponible
Mitsubishi,L200 Triton,2015-2024,Pickup 4x4 / 4x2,Frenos,Bombas de Freno,bomba-freno,Cilindro maestro de freno de doble circuito con depósito de líquido.,Disponible
Mitsubishi,L200 Triton,2015-2024,Pickup 4x4 / 4x2,Frenos,Balatas de Freno,balatas-freno,Juegos de zapatas de freno traseras con forro de alta resistencia al calor.,Disponible
Mitsubishi,L200 Triton,2015-2024,Pickup 4x4 / 4x2,Frenos,Tambores de Freno,tambor-freno,Tambores traseros de fundición gris equilibrados dinámicamente.,Disponible
Mitsubishi,L200 Triton,2015-2024,Pickup 4x4 / 4x2,Frenos,Cilindro de Rueda / Freno Trasero,cilindro-freno,Cilindros receptores traseros con pistones de aluminio anodizado.,Disponible
Mitsubishi,L200 Triton,2015-2024,Pickup 4x4 / 4x2,Carrocería & Eléctrico,Ópticos y Focos,opticos-focos,Faros delanteros ópticos principales y focos traseros de alta durabilidad.,Disponible
Mitsubishi,L200 Triton,2015-2024,Pickup 4x4 / 4x2,Carrocería & Eléctrico,Kit de Ampolletas Halógenas / LED,ampolletas,"Ampolletas H4, H7, H11 en tecnología halógena de alto rendimiento y LED Canbus.",Disponible
Mitsubishi,L200 Triton,2015-2024,Pickup 4x4 / 4x2,Carrocería & Eléctrico,Alternador de Alto Amperaje,alternador,Alternadores de 110A a 150A con regulador electrónico incorporado.,Disponible
Mitsubishi,L200 Triton,2015-2024,Pickup 4x4 / 4x2,Carrocería & Eléctrico,Motor de Partida / Arranque Reforzado,motor-partida,Motores de arranque con sistema de reducción planetaria de alto torque.,Disponible
Mitsubishi,L200 Triton,2015-2024,Pickup 4x4 / 4x2,Carrocería & Eléctrico,Sensor de Velocidad ABS,sensor-abs,Sensores de velocidad de rueda ABS de alta precisión magnética.,Disponible
Mitsubishi,Montero Sport,2016-2024,SUV 4x4,Motor & Distribución,Kit de Distribución Completo,kit-distribucion,"Kit completo con correa o cadena dentada de alta resistencia, tensores automáticos y poleas de guía.",Disponible
Mitsubishi,Montero Sport,2016-2024,SUV 4x4,Motor & Distribución,Bomba de Agua Refrigeración,bomba-agua,Bomba de agua con rodamiento sellado y sellos cerámicos de alta eficiencia.,Disponible
Mitsubishi,Montero Sport,2016-2024,SUV 4x4,Motor & Distribución,Empaquetaduras de Motor,empaquetaduras,"Juegos de empaquetaduras de culata multilámina, múltiple de admisión/escape y tapa de válvulas.",Disponible
Mitsubishi,Montero Sport,2016-2024,SUV 4x4,Motor & Distribución,Correa de Accesorios Poly-V,correa-accesorios,"Correas Poly-V estriadas de alta durabilidad para alternador, bomba de dirección y compresor A/C.",Disponible
Mitsubishi,Montero Sport,2016-2024,SUV 4x4,Motor & Distribución,Tensor de Correa Automático,tensor-correa,Tensor automático con amortiguación hidráulica interna y polea termoplástica.,Disponible
Mitsubishi,Montero Sport,2016-2024,SUV 4x4,Motor & Distribución,Polea de Guía y Desvío,polea-guia,Poleas locas y de desvío con rodamientos sellados de doble hilera de bolas.,Disponible
Mitsubishi,Montero Sport,2016-2024,SUV 4x4,Filtros & Lubricantes,Filtro de Aceite Blindado,filtro-aceite,Filtro de aceite con válvula antidrenaje y papel filtrante de microfibra sintética.,Disponible
Mitsubishi,Montero Sport,2016-2024,SUV 4x4,Filtros & Lubricantes,Filtro de Aire Motor,filtro-aire,Filtro de aire con plisado de alta densidad para máxima retención de partículas.,Disponible
Mitsubishi,Montero Sport,2016-2024,SUV 4x4,Filtros & Lubricantes,Filtro de Petróleo / Diésel,filtro-petroleo,Filtro de combustible con separador de agua para sistemas common rail.,Disponible
Mitsubishi,Montero Sport,2016-2024,SUV 4x4,Filtros & Lubricantes,Filtro de Polen / Habitáculo,filtro-habitaculo,Filtro de polen con capa de carbón activado antibacteriano.,Disponible
Mitsubishi,Montero Sport,2016-2024,SUV 4x4,Filtros & Lubricantes,Aceites de Motor 5W-30 / 5W-40,aceite-5w30,Aceite de motor 100% sintético con especificación ACEA C2/C3 para motores con DPF.,Disponible
Mitsubishi,Montero Sport,2016-2024,SUV 4x4,Filtros & Lubricantes,Refrigerantes 50/50 OAT,refrigerantes,Líquido refrigerante / anticongelante de larga duración orgánico premezclado.,Disponible
Mitsubishi,Montero Sport,2016-2024,SUV 4x4,Filtros & Lubricantes,Aditivos para Diésel y Motor,aditivos,"Tratamientos para sistema de inyección diésel, limpiadores y mejoradores de cetano.",Disponible
Mitsubishi,Montero Sport,2016-2024,SUV 4x4,Filtros & Lubricantes,Aceite de Transmisión 75W-90 GL-5,aceite-transmision,"Aceite sintético para transmisiones manuales, diferenciales y cajas de transferencia.",Disponible
Mitsubishi,Montero Sport,2016-2024,SUV 4x4,Filtros & Lubricantes,Desengrasantes Mecánicos,desengrasante,Desengrasante de alta potencia para limpieza de motor y componentes mecánicos.,Disponible
Mitsubishi,Montero Sport,2016-2024,SUV 4x4,Suspensión & Dirección,Bandeja de Suspensión Delantera,bandeja-suspension,Bandejas de suspensión superior e inferior con bujes vulcanizados y rótula prensada.,Disponible
Mitsubishi,Montero Sport,2016-2024,SUV 4x4,Suspensión & Dirección,Rótulas de Suspensión Reforzadas,rotula,Rótulas de acero forjado con guardapolvo de poliuretano.,Disponible
Mitsubishi,Montero Sport,2016-2024,SUV 4x4,Suspensión & Dirección,Terminales y Axiales de Dirección,terminal-direccion,Terminales exteriores e interiores con rosca de precisión milimétrica.,Disponible
Mitsubishi,Montero Sport,2016-2024,SUV 4x4,Suspensión & Dirección,Cremallera de Dirección Hidráulica,cremallera,Cremalleras de dirección hidráulica y electroasistida completas.,Disponible
Mitsubishi,Montero Sport,2016-2024,SUV 4x4,Suspensión & Dirección,Amortiguadores Delanteros y Traseros,amortiguador,Amortiguadores a gas nitrógeno bitubo de respuesta progresiva.,Disponible
Mitsubishi,Montero Sport,2016-2024,SUV 4x4,Embrague & Transmisión,Kit de Embrague Reforzado,kit-embrague,Kit de embrague completo con prensa de diafragma templado y disco orgánico.,Disponible
Mitsubishi,Montero Sport,2016-2024,SUV 4x4,Embrague & Transmisión,Disco de Embrague de Repuesto,disco-embrague,Disco de embrague con forro de alta fricción y resortes amortiguadores dobles.,Disponible
Mitsubishi,Montero Sport,2016-2024,SUV 4x4,Embrague & Transmisión,Rodamiento de Empuje / Collarín Hidráulico,rodamiento-empuje,Rodamiento de empuje mecánico y collarines hidráulicos concéntricos.,Disponible
Mitsubishi,Montero Sport,2016-2024,SUV 4x4,Embrague & Transmisión,Cruceta de Cardán y Transmisión,cruceta-cardan,Crucetas de cardán con grasera de engrase y sellos laberinto de triple labio.,Disponible
Mitsubishi,Montero Sport,2016-2024,SUV 4x4,Frenos,Pastillas de Freno Cerámicas Delanteras,pastillas-freno,Pastillas de formulación cerámica de bajo polvo y alto coeficiente de fricción.,Disponible
Mitsubishi,Montero Sport,2016-2024,SUV 4x4,Frenos,Discos de Freno Ventilados,discos-freno,Discos de freno ventilados con aleación de alto contenido de carbono.,Disponible
Mitsubishi,Montero Sport,2016-2024,SUV 4x4,Frenos,Bombas de Freno,bomba-freno,Cilindro maestro de freno de doble circuito con depósito de líquido.,Disponible
Mitsubishi,Montero Sport,2016-2024,SUV 4x4,Frenos,Balatas de Freno,balatas-freno,Juegos de zapatas de freno traseras con forro de alta resistencia al calor.,Disponible
Mitsubishi,Montero Sport,2016-2024,SUV 4x4,Frenos,Tambores de Freno,tambor-freno,Tambores traseros de fundición gris equilibrados dinámicamente.,Disponible
Mitsubishi,Montero Sport,2016-2024,SUV 4x4,Frenos,Cilindro de Rueda / Freno Trasero,cilindro-freno,Cilindros receptores traseros con pistones de aluminio anodizado.,Disponible
Mitsubishi,Montero Sport,2016-2024,SUV 4x4,Carrocería & Eléctrico,Ópticos y Focos,opticos-focos,Faros delanteros ópticos principales y focos traseros de alta durabilidad.,Disponible
Mitsubishi,Montero Sport,2016-2024,SUV 4x4,Carrocería & Eléctrico,Kit de Ampolletas Halógenas / LED,ampolletas,"Ampolletas H4, H7, H11 en tecnología halógena de alto rendimiento y LED Canbus.",Disponible
Mitsubishi,Montero Sport,2016-2024,SUV 4x4,Carrocería & Eléctrico,Alternador de Alto Amperaje,alternador,Alternadores de 110A a 150A con regulador electrónico incorporado.,Disponible
Mitsubishi,Montero Sport,2016-2024,SUV 4x4,Carrocería & Eléctrico,Motor de Partida / Arranque Reforzado,motor-partida,Motores de arranque con sistema de reducción planetaria de alto torque.,Disponible
Mitsubishi,Montero Sport,2016-2024,SUV 4x4,Carrocería & Eléctrico,Sensor de Velocidad ABS,sensor-abs,Sensores de velocidad de rueda ABS de alta precisión magnética.,Disponible
Volkswagen,Amarok,2010-2024,Pickup 4x4 / 4x2,Motor & Distribución,Kit de Distribución Completo,kit-distribucion,"Kit completo con correa o cadena dentada de alta resistencia, tensores automáticos y poleas de guía.",Disponible
Volkswagen,Amarok,2010-2024,Pickup 4x4 / 4x2,Motor & Distribución,Bomba de Agua Refrigeración,bomba-agua,Bomba de agua con rodamiento sellado y sellos cerámicos de alta eficiencia.,Disponible
Volkswagen,Amarok,2010-2024,Pickup 4x4 / 4x2,Motor & Distribución,Empaquetaduras de Motor,empaquetaduras,"Juegos de empaquetaduras de culata multilámina, múltiple de admisión/escape y tapa de válvulas.",Disponible
Volkswagen,Amarok,2010-2024,Pickup 4x4 / 4x2,Motor & Distribución,Correa de Accesorios Poly-V,correa-accesorios,"Correas Poly-V estriadas de alta durabilidad para alternador, bomba de dirección y compresor A/C.",Disponible
Volkswagen,Amarok,2010-2024,Pickup 4x4 / 4x2,Motor & Distribución,Tensor de Correa Automático,tensor-correa,Tensor automático con amortiguación hidráulica interna y polea termoplástica.,Disponible
Volkswagen,Amarok,2010-2024,Pickup 4x4 / 4x2,Motor & Distribución,Polea de Guía y Desvío,polea-guia,Poleas locas y de desvío con rodamientos sellados de doble hilera de bolas.,Disponible
Volkswagen,Amarok,2010-2024,Pickup 4x4 / 4x2,Filtros & Lubricantes,Filtro de Aceite Blindado,filtro-aceite,Filtro de aceite con válvula antidrenaje y papel filtrante de microfibra sintética.,Disponible
Volkswagen,Amarok,2010-2024,Pickup 4x4 / 4x2,Filtros & Lubricantes,Filtro de Aire Motor,filtro-aire,Filtro de aire con plisado de alta densidad para máxima retención de partículas.,Disponible
Volkswagen,Amarok,2010-2024,Pickup 4x4 / 4x2,Filtros & Lubricantes,Filtro de Petróleo / Diésel,filtro-petroleo,Filtro de combustible con separador de agua para sistemas common rail.,Disponible
Volkswagen,Amarok,2010-2024,Pickup 4x4 / 4x2,Filtros & Lubricantes,Filtro de Polen / Habitáculo,filtro-habitaculo,Filtro de polen con capa de carbón activado antibacteriano.,Disponible
Volkswagen,Amarok,2010-2024,Pickup 4x4 / 4x2,Filtros & Lubricantes,Aceites de Motor 5W-30 / 5W-40,aceite-5w30,Aceite de motor 100% sintético con especificación ACEA C2/C3 para motores con DPF.,Disponible
Volkswagen,Amarok,2010-2024,Pickup 4x4 / 4x2,Filtros & Lubricantes,Refrigerantes 50/50 OAT,refrigerantes,Líquido refrigerante / anticongelante de larga duración orgánico premezclado.,Disponible
Volkswagen,Amarok,2010-2024,Pickup 4x4 / 4x2,Filtros & Lubricantes,Aditivos para Diésel y Motor,aditivos,"Tratamientos para sistema de inyección diésel, limpiadores y mejoradores de cetano.",Disponible
Volkswagen,Amarok,2010-2024,Pickup 4x4 / 4x2,Filtros & Lubricantes,Aceite de Transmisión 75W-90 GL-5,aceite-transmision,"Aceite sintético para transmisiones manuales, diferenciales y cajas de transferencia.",Disponible
Volkswagen,Amarok,2010-2024,Pickup 4x4 / 4x2,Filtros & Lubricantes,Desengrasantes Mecánicos,desengrasante,Desengrasante de alta potencia para limpieza de motor y componentes mecánicos.,Disponible
Volkswagen,Amarok,2010-2024,Pickup 4x4 / 4x2,Suspensión & Dirección,Bandeja de Suspensión Delantera,bandeja-suspension,Bandejas de suspensión superior e inferior con bujes vulcanizados y rótula prensada.,Disponible
Volkswagen,Amarok,2010-2024,Pickup 4x4 / 4x2,Suspensión & Dirección,Rótulas de Suspensión Reforzadas,rotula,Rótulas de acero forjado con guardapolvo de poliuretano.,Disponible
Volkswagen,Amarok,2010-2024,Pickup 4x4 / 4x2,Suspensión & Dirección,Terminales y Axiales de Dirección,terminal-direccion,Terminales exteriores e interiores con rosca de precisión milimétrica.,Disponible
Volkswagen,Amarok,2010-2024,Pickup 4x4 / 4x2,Suspensión & Dirección,Cremallera de Dirección Hidráulica,cremallera,Cremalleras de dirección hidráulica y electroasistida completas.,Disponible
Volkswagen,Amarok,2010-2024,Pickup 4x4 / 4x2,Suspensión & Dirección,Amortiguadores Delanteros y Traseros,amortiguador,Amortiguadores a gas nitrógeno bitubo de respuesta progresiva.,Disponible
Volkswagen,Amarok,2010-2024,Pickup 4x4 / 4x2,Embrague & Transmisión,Kit de Embrague Reforzado,kit-embrague,Kit de embrague completo con prensa de diafragma templado y disco orgánico.,Disponible
Volkswagen,Amarok,2010-2024,Pickup 4x4 / 4x2,Embrague & Transmisión,Disco de Embrague de Repuesto,disco-embrague,Disco de embrague con forro de alta fricción y resortes amortiguadores dobles.,Disponible
Volkswagen,Amarok,2010-2024,Pickup 4x4 / 4x2,Embrague & Transmisión,Rodamiento de Empuje / Collarín Hidráulico,rodamiento-empuje,Rodamiento de empuje mecánico y collarines hidráulicos concéntricos.,Disponible
Volkswagen,Amarok,2010-2024,Pickup 4x4 / 4x2,Embrague & Transmisión,Cruceta de Cardán y Transmisión,cruceta-cardan,Crucetas de cardán con grasera de engrase y sellos laberinto de triple labio.,Disponible
Volkswagen,Amarok,2010-2024,Pickup 4x4 / 4x2,Frenos,Pastillas de Freno Cerámicas Delanteras,pastillas-freno,Pastillas de formulación cerámica de bajo polvo y alto coeficiente de fricción.,Disponible
Volkswagen,Amarok,2010-2024,Pickup 4x4 / 4x2,Frenos,Discos de Freno Ventilados,discos-freno,Discos de freno ventilados con aleación de alto contenido de carbono.,Disponible
Volkswagen,Amarok,2010-2024,Pickup 4x4 / 4x2,Frenos,Bombas de Freno,bomba-freno,Cilindro maestro de freno de doble circuito con depósito de líquido.,Disponible
Volkswagen,Amarok,2010-2024,Pickup 4x4 / 4x2,Frenos,Balatas de Freno,balatas-freno,Juegos de zapatas de freno traseras con forro de alta resistencia al calor.,Disponible
Volkswagen,Amarok,2010-2024,Pickup 4x4 / 4x2,Frenos,Tambores de Freno,tambor-freno,Tambores traseros de fundición gris equilibrados dinámicamente.,Disponible
Volkswagen,Amarok,2010-2024,Pickup 4x4 / 4x2,Frenos,Cilindro de Rueda / Freno Trasero,cilindro-freno,Cilindros receptores traseros con pistones de aluminio anodizado.,Disponible
Volkswagen,Amarok,2010-2024,Pickup 4x4 / 4x2,Carrocería & Eléctrico,Ópticos y Focos,opticos-focos,Faros delanteros ópticos principales y focos traseros de alta durabilidad.,Disponible
Volkswagen,Amarok,2010-2024,Pickup 4x4 / 4x2,Carrocería & Eléctrico,Kit de Ampolletas Halógenas / LED,ampolletas,"Ampolletas H4, H7, H11 en tecnología halógena de alto rendimiento y LED Canbus.",Disponible
Volkswagen,Amarok,2010-2024,Pickup 4x4 / 4x2,Carrocería & Eléctrico,Alternador de Alto Amperaje,alternador,Alternadores de 110A a 150A con regulador electrónico incorporado.,Disponible
Volkswagen,Amarok,2010-2024,Pickup 4x4 / 4x2,Carrocería & Eléctrico,Motor de Partida / Arranque Reforzado,motor-partida,Motores de arranque con sistema de reducción planetaria de alto torque.,Disponible
Volkswagen,Amarok,2010-2024,Pickup 4x4 / 4x2,Carrocería & Eléctrico,Sensor de Velocidad ABS,sensor-abs,Sensores de velocidad de rueda ABS de alta precisión magnética.,Disponible
Volkswagen,Amarok V6,2018-2024,Pickup 4x4,Motor & Distribución,Kit de Distribución Completo,kit-distribucion,"Kit completo con correa o cadena dentada de alta resistencia, tensores automáticos y poleas de guía.",Disponible
Volkswagen,Amarok V6,2018-2024,Pickup 4x4,Motor & Distribución,Bomba de Agua Refrigeración,bomba-agua,Bomba de agua con rodamiento sellado y sellos cerámicos de alta eficiencia.,Disponible
Volkswagen,Amarok V6,2018-2024,Pickup 4x4,Motor & Distribución,Empaquetaduras de Motor,empaquetaduras,"Juegos de empaquetaduras de culata multilámina, múltiple de admisión/escape y tapa de válvulas.",Disponible
Volkswagen,Amarok V6,2018-2024,Pickup 4x4,Motor & Distribución,Correa de Accesorios Poly-V,correa-accesorios,"Correas Poly-V estriadas de alta durabilidad para alternador, bomba de dirección y compresor A/C.",Disponible
Volkswagen,Amarok V6,2018-2024,Pickup 4x4,Motor & Distribución,Tensor de Correa Automático,tensor-correa,Tensor automático con amortiguación hidráulica interna y polea termoplástica.,Disponible
Volkswagen,Amarok V6,2018-2024,Pickup 4x4,Motor & Distribución,Polea de Guía y Desvío,polea-guia,Poleas locas y de desvío con rodamientos sellados de doble hilera de bolas.,Disponible
Volkswagen,Amarok V6,2018-2024,Pickup 4x4,Filtros & Lubricantes,Filtro de Aceite Blindado,filtro-aceite,Filtro de aceite con válvula antidrenaje y papel filtrante de microfibra sintética.,Disponible
Volkswagen,Amarok V6,2018-2024,Pickup 4x4,Filtros & Lubricantes,Filtro de Aire Motor,filtro-aire,Filtro de aire con plisado de alta densidad para máxima retención de partículas.,Disponible
Volkswagen,Amarok V6,2018-2024,Pickup 4x4,Filtros & Lubricantes,Filtro de Petróleo / Diésel,filtro-petroleo,Filtro de combustible con separador de agua para sistemas common rail.,Disponible
Volkswagen,Amarok V6,2018-2024,Pickup 4x4,Filtros & Lubricantes,Filtro de Polen / Habitáculo,filtro-habitaculo,Filtro de polen con capa de carbón activado antibacteriano.,Disponible
Volkswagen,Amarok V6,2018-2024,Pickup 4x4,Filtros & Lubricantes,Aceites de Motor 5W-30 / 5W-40,aceite-5w30,Aceite de motor 100% sintético con especificación ACEA C2/C3 para motores con DPF.,Disponible
Volkswagen,Amarok V6,2018-2024,Pickup 4x4,Filtros & Lubricantes,Refrigerantes 50/50 OAT,refrigerantes,Líquido refrigerante / anticongelante de larga duración orgánico premezclado.,Disponible
Volkswagen,Amarok V6,2018-2024,Pickup 4x4,Filtros & Lubricantes,Aditivos para Diésel y Motor,aditivos,"Tratamientos para sistema de inyección diésel, limpiadores y mejoradores de cetano.",Disponible
Volkswagen,Amarok V6,2018-2024,Pickup 4x4,Filtros & Lubricantes,Aceite de Transmisión 75W-90 GL-5,aceite-transmision,"Aceite sintético para transmisiones manuales, diferenciales y cajas de transferencia.",Disponible
Volkswagen,Amarok V6,2018-2024,Pickup 4x4,Filtros & Lubricantes,Desengrasantes Mecánicos,desengrasante,Desengrasante de alta potencia para limpieza de motor y componentes mecánicos.,Disponible
Volkswagen,Amarok V6,2018-2024,Pickup 4x4,Suspensión & Dirección,Bandeja de Suspensión Delantera,bandeja-suspension,Bandejas de suspensión superior e inferior con bujes vulcanizados y rótula prensada.,Disponible
Volkswagen,Amarok V6,2018-2024,Pickup 4x4,Suspensión & Dirección,Rótulas de Suspensión Reforzadas,rotula,Rótulas de acero forjado con guardapolvo de poliuretano.,Disponible
Volkswagen,Amarok V6,2018-2024,Pickup 4x4,Suspensión & Dirección,Terminales y Axiales de Dirección,terminal-direccion,Terminales exteriores e interiores con rosca de precisión milimétrica.,Disponible
Volkswagen,Amarok V6,2018-2024,Pickup 4x4,Suspensión & Dirección,Cremallera de Dirección Hidráulica,cremallera,Cremalleras de dirección hidráulica y electroasistida completas.,Disponible
Volkswagen,Amarok V6,2018-2024,Pickup 4x4,Suspensión & Dirección,Amortiguadores Delanteros y Traseros,amortiguador,Amortiguadores a gas nitrógeno bitubo de respuesta progresiva.,Disponible
Volkswagen,Amarok V6,2018-2024,Pickup 4x4,Embrague & Transmisión,Kit de Embrague Reforzado,kit-embrague,Kit de embrague completo con prensa de diafragma templado y disco orgánico.,Disponible
Volkswagen,Amarok V6,2018-2024,Pickup 4x4,Embrague & Transmisión,Disco de Embrague de Repuesto,disco-embrague,Disco de embrague con forro de alta fricción y resortes amortiguadores dobles.,Disponible
Volkswagen,Amarok V6,2018-2024,Pickup 4x4,Embrague & Transmisión,Rodamiento de Empuje / Collarín Hidráulico,rodamiento-empuje,Rodamiento de empuje mecánico y collarines hidráulicos concéntricos.,Disponible
Volkswagen,Amarok V6,2018-2024,Pickup 4x4,Embrague & Transmisión,Cruceta de Cardán y Transmisión,cruceta-cardan,Crucetas de cardán con grasera de engrase y sellos laberinto de triple labio.,Disponible
Volkswagen,Amarok V6,2018-2024,Pickup 4x4,Frenos,Pastillas de Freno Cerámicas Delanteras,pastillas-freno,Pastillas de formulación cerámica de bajo polvo y alto coeficiente de fricción.,Disponible
Volkswagen,Amarok V6,2018-2024,Pickup 4x4,Frenos,Discos de Freno Ventilados,discos-freno,Discos de freno ventilados con aleación de alto contenido de carbono.,Disponible
Volkswagen,Amarok V6,2018-2024,Pickup 4x4,Frenos,Bombas de Freno,bomba-freno,Cilindro maestro de freno de doble circuito con depósito de líquido.,Disponible
Volkswagen,Amarok V6,2018-2024,Pickup 4x4,Frenos,Balatas de Freno,balatas-freno,Juegos de zapatas de freno traseras con forro de alta resistencia al calor.,Disponible
Volkswagen,Amarok V6,2018-2024,Pickup 4x4,Frenos,Tambores de Freno,tambor-freno,Tambores traseros de fundición gris equilibrados dinámicamente.,Disponible
Volkswagen,Amarok V6,2018-2024,Pickup 4x4,Frenos,Cilindro de Rueda / Freno Trasero,cilindro-freno,Cilindros receptores traseros con pistones de aluminio anodizado.,Disponible
Volkswagen,Amarok V6,2018-2024,Pickup 4x4,Carrocería & Eléctrico,Ópticos y Focos,opticos-focos,Faros delanteros ópticos principales y focos traseros de alta durabilidad.,Disponible
Volkswagen,Amarok V6,2018-2024,Pickup 4x4,Carrocería & Eléctrico,Kit de Ampolletas Halógenas / LED,ampolletas,"Ampolletas H4, H7, H11 en tecnología halógena de alto rendimiento y LED Canbus.",Disponible
Volkswagen,Amarok V6,2018-2024,Pickup 4x4,Carrocería & Eléctrico,Alternador de Alto Amperaje,alternador,Alternadores de 110A a 150A con regulador electrónico incorporado.,Disponible
Volkswagen,Amarok V6,2018-2024,Pickup 4x4,Carrocería & Eléctrico,Motor de Partida / Arranque Reforzado,motor-partida,Motores de arranque con sistema de reducción planetaria de alto torque.,Disponible
Volkswagen,Amarok V6,2018-2024,Pickup 4x4,Carrocería & Eléctrico,Sensor de Velocidad ABS,sensor-abs,Sensores de velocidad de rueda ABS de alta precisión magnética.,Disponible
Great Wall,Poer,2021-2024,Pickup 4x4 / 4x2,Motor & Distribución,Kit de Distribución Completo,kit-distribucion,"Kit completo con correa o cadena dentada de alta resistencia, tensores automáticos y poleas de guía.",Disponible
Great Wall,Poer,2021-2024,Pickup 4x4 / 4x2,Motor & Distribución,Bomba de Agua Refrigeración,bomba-agua,Bomba de agua con rodamiento sellado y sellos cerámicos de alta eficiencia.,Disponible
Great Wall,Poer,2021-2024,Pickup 4x4 / 4x2,Motor & Distribución,Empaquetaduras de Motor,empaquetaduras,"Juegos de empaquetaduras de culata multilámina, múltiple de admisión/escape y tapa de válvulas.",Disponible
Great Wall,Poer,2021-2024,Pickup 4x4 / 4x2,Motor & Distribución,Correa de Accesorios Poly-V,correa-accesorios,"Correas Poly-V estriadas de alta durabilidad para alternador, bomba de dirección y compresor A/C.",Disponible
Great Wall,Poer,2021-2024,Pickup 4x4 / 4x2,Motor & Distribución,Tensor de Correa Automático,tensor-correa,Tensor automático con amortiguación hidráulica interna y polea termoplástica.,Disponible
Great Wall,Poer,2021-2024,Pickup 4x4 / 4x2,Motor & Distribución,Polea de Guía y Desvío,polea-guia,Poleas locas y de desvío con rodamientos sellados de doble hilera de bolas.,Disponible
Great Wall,Poer,2021-2024,Pickup 4x4 / 4x2,Filtros & Lubricantes,Filtro de Aceite Blindado,filtro-aceite,Filtro de aceite con válvula antidrenaje y papel filtrante de microfibra sintética.,Disponible
Great Wall,Poer,2021-2024,Pickup 4x4 / 4x2,Filtros & Lubricantes,Filtro de Aire Motor,filtro-aire,Filtro de aire con plisado de alta densidad para máxima retención de partículas.,Disponible
Great Wall,Poer,2021-2024,Pickup 4x4 / 4x2,Filtros & Lubricantes,Filtro de Petróleo / Diésel,filtro-petroleo,Filtro de combustible con separador de agua para sistemas common rail.,Disponible
Great Wall,Poer,2021-2024,Pickup 4x4 / 4x2,Filtros & Lubricantes,Filtro de Polen / Habitáculo,filtro-habitaculo,Filtro de polen con capa de carbón activado antibacteriano.,Disponible
Great Wall,Poer,2021-2024,Pickup 4x4 / 4x2,Filtros & Lubricantes,Aceites de Motor 5W-30 / 5W-40,aceite-5w30,Aceite de motor 100% sintético con especificación ACEA C2/C3 para motores con DPF.,Disponible
Great Wall,Poer,2021-2024,Pickup 4x4 / 4x2,Filtros & Lubricantes,Refrigerantes 50/50 OAT,refrigerantes,Líquido refrigerante / anticongelante de larga duración orgánico premezclado.,Disponible
Great Wall,Poer,2021-2024,Pickup 4x4 / 4x2,Filtros & Lubricantes,Aditivos para Diésel y Motor,aditivos,"Tratamientos para sistema de inyección diésel, limpiadores y mejoradores de cetano.",Disponible
Great Wall,Poer,2021-2024,Pickup 4x4 / 4x2,Filtros & Lubricantes,Aceite de Transmisión 75W-90 GL-5,aceite-transmision,"Aceite sintético para transmisiones manuales, diferenciales y cajas de transferencia.",Disponible
Great Wall,Poer,2021-2024,Pickup 4x4 / 4x2,Filtros & Lubricantes,Desengrasantes Mecánicos,desengrasante,Desengrasante de alta potencia para limpieza de motor y componentes mecánicos.,Disponible
Great Wall,Poer,2021-2024,Pickup 4x4 / 4x2,Suspensión & Dirección,Bandeja de Suspensión Delantera,bandeja-suspension,Bandejas de suspensión superior e inferior con bujes vulcanizados y rótula prensada.,Disponible
Great Wall,Poer,2021-2024,Pickup 4x4 / 4x2,Suspensión & Dirección,Rótulas de Suspensión Reforzadas,rotula,Rótulas de acero forjado con guardapolvo de poliuretano.,Disponible
Great Wall,Poer,2021-2024,Pickup 4x4 / 4x2,Suspensión & Dirección,Terminales y Axiales de Dirección,terminal-direccion,Terminales exteriores e interiores con rosca de precisión milimétrica.,Disponible
Great Wall,Poer,2021-2024,Pickup 4x4 / 4x2,Suspensión & Dirección,Cremallera de Dirección Hidráulica,cremallera,Cremalleras de dirección hidráulica y electroasistida completas.,Disponible
Great Wall,Poer,2021-2024,Pickup 4x4 / 4x2,Suspensión & Dirección,Amortiguadores Delanteros y Traseros,amortiguador,Amortiguadores a gas nitrógeno bitubo de respuesta progresiva.,Disponible
Great Wall,Poer,2021-2024,Pickup 4x4 / 4x2,Embrague & Transmisión,Kit de Embrague Reforzado,kit-embrague,Kit de embrague completo con prensa de diafragma templado y disco orgánico.,Disponible
Great Wall,Poer,2021-2024,Pickup 4x4 / 4x2,Embrague & Transmisión,Disco de Embrague de Repuesto,disco-embrague,Disco de embrague con forro de alta fricción y resortes amortiguadores dobles.,Disponible
Great Wall,Poer,2021-2024,Pickup 4x4 / 4x2,Embrague & Transmisión,Rodamiento de Empuje / Collarín Hidráulico,rodamiento-empuje,Rodamiento de empuje mecánico y collarines hidráulicos concéntricos.,Disponible
Great Wall,Poer,2021-2024,Pickup 4x4 / 4x2,Embrague & Transmisión,Cruceta de Cardán y Transmisión,cruceta-cardan,Crucetas de cardán con grasera de engrase y sellos laberinto de triple labio.,Disponible
Great Wall,Poer,2021-2024,Pickup 4x4 / 4x2,Frenos,Pastillas de Freno Cerámicas Delanteras,pastillas-freno,Pastillas de formulación cerámica de bajo polvo y alto coeficiente de fricción.,Disponible
Great Wall,Poer,2021-2024,Pickup 4x4 / 4x2,Frenos,Discos de Freno Ventilados,discos-freno,Discos de freno ventilados con aleación de alto contenido de carbono.,Disponible
Great Wall,Poer,2021-2024,Pickup 4x4 / 4x2,Frenos,Bombas de Freno,bomba-freno,Cilindro maestro de freno de doble circuito con depósito de líquido.,Disponible
Great Wall,Poer,2021-2024,Pickup 4x4 / 4x2,Frenos,Balatas de Freno,balatas-freno,Juegos de zapatas de freno traseras con forro de alta resistencia al calor.,Disponible
Great Wall,Poer,2021-2024,Pickup 4x4 / 4x2,Frenos,Tambores de Freno,tambor-freno,Tambores traseros de fundición gris equilibrados dinámicamente.,Disponible
Great Wall,Poer,2021-2024,Pickup 4x4 / 4x2,Frenos,Cilindro de Rueda / Freno Trasero,cilindro-freno,Cilindros receptores traseros con pistones de aluminio anodizado.,Disponible
Great Wall,Poer,2021-2024,Pickup 4x4 / 4x2,Carrocería & Eléctrico,Ópticos y Focos,opticos-focos,Faros delanteros ópticos principales y focos traseros de alta durabilidad.,Disponible
Great Wall,Poer,2021-2024,Pickup 4x4 / 4x2,Carrocería & Eléctrico,Kit de Ampolletas Halógenas / LED,ampolletas,"Ampolletas H4, H7, H11 en tecnología halógena de alto rendimiento y LED Canbus.",Disponible
Great Wall,Poer,2021-2024,Pickup 4x4 / 4x2,Carrocería & Eléctrico,Alternador de Alto Amperaje,alternador,Alternadores de 110A a 150A con regulador electrónico incorporado.,Disponible
Great Wall,Poer,2021-2024,Pickup 4x4 / 4x2,Carrocería & Eléctrico,Motor de Partida / Arranque Reforzado,motor-partida,Motores de arranque con sistema de reducción planetaria de alto torque.,Disponible
Great Wall,Poer,2021-2024,Pickup 4x4 / 4x2,Carrocería & Eléctrico,Sensor de Velocidad ABS,sensor-abs,Sensores de velocidad de rueda ABS de alta precisión magnética.,Disponible
Great Wall,Wingle 6,2015-2022,Pickup 4x4 / 4x2,Motor & Distribución,Kit de Distribución Completo,kit-distribucion,"Kit completo con correa o cadena dentada de alta resistencia, tensores automáticos y poleas de guía.",Disponible
Great Wall,Wingle 6,2015-2022,Pickup 4x4 / 4x2,Motor & Distribución,Bomba de Agua Refrigeración,bomba-agua,Bomba de agua con rodamiento sellado y sellos cerámicos de alta eficiencia.,Disponible
Great Wall,Wingle 6,2015-2022,Pickup 4x4 / 4x2,Motor & Distribución,Empaquetaduras de Motor,empaquetaduras,"Juegos de empaquetaduras de culata multilámina, múltiple de admisión/escape y tapa de válvulas.",Disponible
Great Wall,Wingle 6,2015-2022,Pickup 4x4 / 4x2,Motor & Distribución,Correa de Accesorios Poly-V,correa-accesorios,"Correas Poly-V estriadas de alta durabilidad para alternador, bomba de dirección y compresor A/C.",Disponible
Great Wall,Wingle 6,2015-2022,Pickup 4x4 / 4x2,Motor & Distribución,Tensor de Correa Automático,tensor-correa,Tensor automático con amortiguación hidráulica interna y polea termoplástica.,Disponible
Great Wall,Wingle 6,2015-2022,Pickup 4x4 / 4x2,Motor & Distribución,Polea de Guía y Desvío,polea-guia,Poleas locas y de desvío con rodamientos sellados de doble hilera de bolas.,Disponible
Great Wall,Wingle 6,2015-2022,Pickup 4x4 / 4x2,Filtros & Lubricantes,Filtro de Aceite Blindado,filtro-aceite,Filtro de aceite con válvula antidrenaje y papel filtrante de microfibra sintética.,Disponible
Great Wall,Wingle 6,2015-2022,Pickup 4x4 / 4x2,Filtros & Lubricantes,Filtro de Aire Motor,filtro-aire,Filtro de aire con plisado de alta densidad para máxima retención de partículas.,Disponible
Great Wall,Wingle 6,2015-2022,Pickup 4x4 / 4x2,Filtros & Lubricantes,Filtro de Petróleo / Diésel,filtro-petroleo,Filtro de combustible con separador de agua para sistemas common rail.,Disponible
Great Wall,Wingle 6,2015-2022,Pickup 4x4 / 4x2,Filtros & Lubricantes,Filtro de Polen / Habitáculo,filtro-habitaculo,Filtro de polen con capa de carbón activado antibacteriano.,Disponible
Great Wall,Wingle 6,2015-2022,Pickup 4x4 / 4x2,Filtros & Lubricantes,Aceites de Motor 5W-30 / 5W-40,aceite-5w30,Aceite de motor 100% sintético con especificación ACEA C2/C3 para motores con DPF.,Disponible
Great Wall,Wingle 6,2015-2022,Pickup 4x4 / 4x2,Filtros & Lubricantes,Refrigerantes 50/50 OAT,refrigerantes,Líquido refrigerante / anticongelante de larga duración orgánico premezclado.,Disponible
Great Wall,Wingle 6,2015-2022,Pickup 4x4 / 4x2,Filtros & Lubricantes,Aditivos para Diésel y Motor,aditivos,"Tratamientos para sistema de inyección diésel, limpiadores y mejoradores de cetano.",Disponible
Great Wall,Wingle 6,2015-2022,Pickup 4x4 / 4x2,Filtros & Lubricantes,Aceite de Transmisión 75W-90 GL-5,aceite-transmision,"Aceite sintético para transmisiones manuales, diferenciales y cajas de transferencia.",Disponible
Great Wall,Wingle 6,2015-2022,Pickup 4x4 / 4x2,Filtros & Lubricantes,Desengrasantes Mecánicos,desengrasante,Desengrasante de alta potencia para limpieza de motor y componentes mecánicos.,Disponible
Great Wall,Wingle 6,2015-2022,Pickup 4x4 / 4x2,Suspensión & Dirección,Bandeja de Suspensión Delantera,bandeja-suspension,Bandejas de suspensión superior e inferior con bujes vulcanizados y rótula prensada.,Disponible
Great Wall,Wingle 6,2015-2022,Pickup 4x4 / 4x2,Suspensión & Dirección,Rótulas de Suspensión Reforzadas,rotula,Rótulas de acero forjado con guardapolvo de poliuretano.,Disponible
Great Wall,Wingle 6,2015-2022,Pickup 4x4 / 4x2,Suspensión & Dirección,Terminales y Axiales de Dirección,terminal-direccion,Terminales exteriores e interiores con rosca de precisión milimétrica.,Disponible
Great Wall,Wingle 6,2015-2022,Pickup 4x4 / 4x2,Suspensión & Dirección,Cremallera de Dirección Hidráulica,cremallera,Cremalleras de dirección hidráulica y electroasistida completas.,Disponible
Great Wall,Wingle 6,2015-2022,Pickup 4x4 / 4x2,Suspensión & Dirección,Amortiguadores Delanteros y Traseros,amortiguador,Amortiguadores a gas nitrógeno bitubo de respuesta progresiva.,Disponible
Great Wall,Wingle 6,2015-2022,Pickup 4x4 / 4x2,Embrague & Transmisión,Kit de Embrague Reforzado,kit-embrague,Kit de embrague completo con prensa de diafragma templado y disco orgánico.,Disponible
Great Wall,Wingle 6,2015-2022,Pickup 4x4 / 4x2,Embrague & Transmisión,Disco de Embrague de Repuesto,disco-embrague,Disco de embrague con forro de alta fricción y resortes amortiguadores dobles.,Disponible
Great Wall,Wingle 6,2015-2022,Pickup 4x4 / 4x2,Embrague & Transmisión,Rodamiento de Empuje / Collarín Hidráulico,rodamiento-empuje,Rodamiento de empuje mecánico y collarines hidráulicos concéntricos.,Disponible
Great Wall,Wingle 6,2015-2022,Pickup 4x4 / 4x2,Embrague & Transmisión,Cruceta de Cardán y Transmisión,cruceta-cardan,Crucetas de cardán con grasera de engrase y sellos laberinto de triple labio.,Disponible
Great Wall,Wingle 6,2015-2022,Pickup 4x4 / 4x2,Frenos,Pastillas de Freno Cerámicas Delanteras,pastillas-freno,Pastillas de formulación cerámica de bajo polvo y alto coeficiente de fricción.,Disponible
Great Wall,Wingle 6,2015-2022,Pickup 4x4 / 4x2,Frenos,Discos de Freno Ventilados,discos-freno,Discos de freno ventilados con aleación de alto contenido de carbono.,Disponible
Great Wall,Wingle 6,2015-2022,Pickup 4x4 / 4x2,Frenos,Bombas de Freno,bomba-freno,Cilindro maestro de freno de doble circuito con depósito de líquido.,Disponible
Great Wall,Wingle 6,2015-2022,Pickup 4x4 / 4x2,Frenos,Balatas de Freno,balatas-freno,Juegos de zapatas de freno traseras con forro de alta resistencia al calor.,Disponible
Great Wall,Wingle 6,2015-2022,Pickup 4x4 / 4x2,Frenos,Tambores de Freno,tambor-freno,Tambores traseros de fundición gris equilibrados dinámicamente.,Disponible
Great Wall,Wingle 6,2015-2022,Pickup 4x4 / 4x2,Frenos,Cilindro de Rueda / Freno Trasero,cilindro-freno,Cilindros receptores traseros con pistones de aluminio anodizado.,Disponible
Great Wall,Wingle 6,2015-2022,Pickup 4x4 / 4x2,Carrocería & Eléctrico,Ópticos y Focos,opticos-focos,Faros delanteros ópticos principales y focos traseros de alta durabilidad.,Disponible
Great Wall,Wingle 6,2015-2022,Pickup 4x4 / 4x2,Carrocería & Eléctrico,Kit de Ampolletas Halógenas / LED,ampolletas,"Ampolletas H4, H7, H11 en tecnología halógena de alto rendimiento y LED Canbus.",Disponible
Great Wall,Wingle 6,2015-2022,Pickup 4x4 / 4x2,Carrocería & Eléctrico,Alternador de Alto Amperaje,alternador,Alternadores de 110A a 150A con regulador electrónico incorporado.,Disponible
Great Wall,Wingle 6,2015-2022,Pickup 4x4 / 4x2,Carrocería & Eléctrico,Motor de Partida / Arranque Reforzado,motor-partida,Motores de arranque con sistema de reducción planetaria de alto torque.,Disponible
Great Wall,Wingle 6,2015-2022,Pickup 4x4 / 4x2,Carrocería & Eléctrico,Sensor de Velocidad ABS,sensor-abs,Sensores de velocidad de rueda ABS de alta precisión magnética.,Disponible
Great Wall,Wingle 7,2018-2024,Pickup 4x4 / 4x2,Motor & Distribución,Kit de Distribución Completo,kit-distribucion,"Kit completo con correa o cadena dentada de alta resistencia, tensores automáticos y poleas de guía.",Disponible
Great Wall,Wingle 7,2018-2024,Pickup 4x4 / 4x2,Motor & Distribución,Bomba de Agua Refrigeración,bomba-agua,Bomba de agua con rodamiento sellado y sellos cerámicos de alta eficiencia.,Disponible
Great Wall,Wingle 7,2018-2024,Pickup 4x4 / 4x2,Motor & Distribución,Empaquetaduras de Motor,empaquetaduras,"Juegos de empaquetaduras de culata multilámina, múltiple de admisión/escape y tapa de válvulas.",Disponible
Great Wall,Wingle 7,2018-2024,Pickup 4x4 / 4x2,Motor & Distribución,Correa de Accesorios Poly-V,correa-accesorios,"Correas Poly-V estriadas de alta durabilidad para alternador, bomba de dirección y compresor A/C.",Disponible
Great Wall,Wingle 7,2018-2024,Pickup 4x4 / 4x2,Motor & Distribución,Tensor de Correa Automático,tensor-correa,Tensor automático con amortiguación hidráulica interna y polea termoplástica.,Disponible
Great Wall,Wingle 7,2018-2024,Pickup 4x4 / 4x2,Motor & Distribución,Polea de Guía y Desvío,polea-guia,Poleas locas y de desvío con rodamientos sellados de doble hilera de bolas.,Disponible
Great Wall,Wingle 7,2018-2024,Pickup 4x4 / 4x2,Filtros & Lubricantes,Filtro de Aceite Blindado,filtro-aceite,Filtro de aceite con válvula antidrenaje y papel filtrante de microfibra sintética.,Disponible
Great Wall,Wingle 7,2018-2024,Pickup 4x4 / 4x2,Filtros & Lubricantes,Filtro de Aire Motor,filtro-aire,Filtro de aire con plisado de alta densidad para máxima retención de partículas.,Disponible
Great Wall,Wingle 7,2018-2024,Pickup 4x4 / 4x2,Filtros & Lubricantes,Filtro de Petróleo / Diésel,filtro-petroleo,Filtro de combustible con separador de agua para sistemas common rail.,Disponible
Great Wall,Wingle 7,2018-2024,Pickup 4x4 / 4x2,Filtros & Lubricantes,Filtro de Polen / Habitáculo,filtro-habitaculo,Filtro de polen con capa de carbón activado antibacteriano.,Disponible
Great Wall,Wingle 7,2018-2024,Pickup 4x4 / 4x2,Filtros & Lubricantes,Aceites de Motor 5W-30 / 5W-40,aceite-5w30,Aceite de motor 100% sintético con especificación ACEA C2/C3 para motores con DPF.,Disponible
Great Wall,Wingle 7,2018-2024,Pickup 4x4 / 4x2,Filtros & Lubricantes,Refrigerantes 50/50 OAT,refrigerantes,Líquido refrigerante / anticongelante de larga duración orgánico premezclado.,Disponible
Great Wall,Wingle 7,2018-2024,Pickup 4x4 / 4x2,Filtros & Lubricantes,Aditivos para Diésel y Motor,aditivos,"Tratamientos para sistema de inyección diésel, limpiadores y mejoradores de cetano.",Disponible
Great Wall,Wingle 7,2018-2024,Pickup 4x4 / 4x2,Filtros & Lubricantes,Aceite de Transmisión 75W-90 GL-5,aceite-transmision,"Aceite sintético para transmisiones manuales, diferenciales y cajas de transferencia.",Disponible
Great Wall,Wingle 7,2018-2024,Pickup 4x4 / 4x2,Filtros & Lubricantes,Desengrasantes Mecánicos,desengrasante,Desengrasante de alta potencia para limpieza de motor y componentes mecánicos.,Disponible
Great Wall,Wingle 7,2018-2024,Pickup 4x4 / 4x2,Suspensión & Dirección,Bandeja de Suspensión Delantera,bandeja-suspension,Bandejas de suspensión superior e inferior con bujes vulcanizados y rótula prensada.,Disponible
Great Wall,Wingle 7,2018-2024,Pickup 4x4 / 4x2,Suspensión & Dirección,Rótulas de Suspensión Reforzadas,rotula,Rótulas de acero forjado con guardapolvo de poliuretano.,Disponible
Great Wall,Wingle 7,2018-2024,Pickup 4x4 / 4x2,Suspensión & Dirección,Terminales y Axiales de Dirección,terminal-direccion,Terminales exteriores e interiores con rosca de precisión milimétrica.,Disponible
Great Wall,Wingle 7,2018-2024,Pickup 4x4 / 4x2,Suspensión & Dirección,Cremallera de Dirección Hidráulica,cremallera,Cremalleras de dirección hidráulica y electroasistida completas.,Disponible
Great Wall,Wingle 7,2018-2024,Pickup 4x4 / 4x2,Suspensión & Dirección,Amortiguadores Delanteros y Traseros,amortiguador,Amortiguadores a gas nitrógeno bitubo de respuesta progresiva.,Disponible
Great Wall,Wingle 7,2018-2024,Pickup 4x4 / 4x2,Embrague & Transmisión,Kit de Embrague Reforzado,kit-embrague,Kit de embrague completo con prensa de diafragma templado y disco orgánico.,Disponible
Great Wall,Wingle 7,2018-2024,Pickup 4x4 / 4x2,Embrague & Transmisión,Disco de Embrague de Repuesto,disco-embrague,Disco de embrague con forro de alta fricción y resortes amortiguadores dobles.,Disponible
Great Wall,Wingle 7,2018-2024,Pickup 4x4 / 4x2,Embrague & Transmisión,Rodamiento de Empuje / Collarín Hidráulico,rodamiento-empuje,Rodamiento de empuje mecánico y collarines hidráulicos concéntricos.,Disponible
Great Wall,Wingle 7,2018-2024,Pickup 4x4 / 4x2,Embrague & Transmisión,Cruceta de Cardán y Transmisión,cruceta-cardan,Crucetas de cardán con grasera de engrase y sellos laberinto de triple labio.,Disponible
Great Wall,Wingle 7,2018-2024,Pickup 4x4 / 4x2,Frenos,Pastillas de Freno Cerámicas Delanteras,pastillas-freno,Pastillas de formulación cerámica de bajo polvo y alto coeficiente de fricción.,Disponible
Great Wall,Wingle 7,2018-2024,Pickup 4x4 / 4x2,Frenos,Discos de Freno Ventilados,discos-freno,Discos de freno ventilados con aleación de alto contenido de carbono.,Disponible
Great Wall,Wingle 7,2018-2024,Pickup 4x4 / 4x2,Frenos,Bombas de Freno,bomba-freno,Cilindro maestro de freno de doble circuito con depósito de líquido.,Disponible
Great Wall,Wingle 7,2018-2024,Pickup 4x4 / 4x2,Frenos,Balatas de Freno,balatas-freno,Juegos de zapatas de freno traseras con forro de alta resistencia al calor.,Disponible
Great Wall,Wingle 7,2018-2024,Pickup 4x4 / 4x2,Frenos,Tambores de Freno,tambor-freno,Tambores traseros de fundición gris equilibrados dinámicamente.,Disponible
Great Wall,Wingle 7,2018-2024,Pickup 4x4 / 4x2,Frenos,Cilindro de Rueda / Freno Trasero,cilindro-freno,Cilindros receptores traseros con pistones de aluminio anodizado.,Disponible
Great Wall,Wingle 7,2018-2024,Pickup 4x4 / 4x2,Carrocería & Eléctrico,Ópticos y Focos,opticos-focos,Faros delanteros ópticos principales y focos traseros de alta durabilidad.,Disponible
Great Wall,Wingle 7,2018-2024,Pickup 4x4 / 4x2,Carrocería & Eléctrico,Kit de Ampolletas Halógenas / LED,ampolletas,"Ampolletas H4, H7, H11 en tecnología halógena de alto rendimiento y LED Canbus.",Disponible
Great Wall,Wingle 7,2018-2024,Pickup 4x4 / 4x2,Carrocería & Eléctrico,Alternador de Alto Amperaje,alternador,Alternadores de 110A a 150A con regulador electrónico incorporado.,Disponible
Great Wall,Wingle 7,2018-2024,Pickup 4x4 / 4x2,Carrocería & Eléctrico,Motor de Partida / Arranque Reforzado,motor-partida,Motores de arranque con sistema de reducción planetaria de alto torque.,Disponible
Great Wall,Wingle 7,2018-2024,Pickup 4x4 / 4x2,Carrocería & Eléctrico,Sensor de Velocidad ABS,sensor-abs,Sensores de velocidad de rueda ABS de alta precisión magnética.,Disponible
JAC,T6,2016-2024,Pickup 4x4 / 4x2,Motor & Distribución,Kit de Distribución Completo,kit-distribucion,"Kit completo con correa o cadena dentada de alta resistencia, tensores automáticos y poleas de guía.",Disponible
JAC,T6,2016-2024,Pickup 4x4 / 4x2,Motor & Distribución,Bomba de Agua Refrigeración,bomba-agua,Bomba de agua con rodamiento sellado y sellos cerámicos de alta eficiencia.,Disponible
JAC,T6,2016-2024,Pickup 4x4 / 4x2,Motor & Distribución,Empaquetaduras de Motor,empaquetaduras,"Juegos de empaquetaduras de culata multilámina, múltiple de admisión/escape y tapa de válvulas.",Disponible
JAC,T6,2016-2024,Pickup 4x4 / 4x2,Motor & Distribución,Correa de Accesorios Poly-V,correa-accesorios,"Correas Poly-V estriadas de alta durabilidad para alternador, bomba de dirección y compresor A/C.",Disponible
JAC,T6,2016-2024,Pickup 4x4 / 4x2,Motor & Distribución,Tensor de Correa Automático,tensor-correa,Tensor automático con amortiguación hidráulica interna y polea termoplástica.,Disponible
JAC,T6,2016-2024,Pickup 4x4 / 4x2,Motor & Distribución,Polea de Guía y Desvío,polea-guia,Poleas locas y de desvío con rodamientos sellados de doble hilera de bolas.,Disponible
JAC,T6,2016-2024,Pickup 4x4 / 4x2,Filtros & Lubricantes,Filtro de Aceite Blindado,filtro-aceite,Filtro de aceite con válvula antidrenaje y papel filtrante de microfibra sintética.,Disponible
JAC,T6,2016-2024,Pickup 4x4 / 4x2,Filtros & Lubricantes,Filtro de Aire Motor,filtro-aire,Filtro de aire con plisado de alta densidad para máxima retención de partículas.,Disponible
JAC,T6,2016-2024,Pickup 4x4 / 4x2,Filtros & Lubricantes,Filtro de Petróleo / Diésel,filtro-petroleo,Filtro de combustible con separador de agua para sistemas common rail.,Disponible
JAC,T6,2016-2024,Pickup 4x4 / 4x2,Filtros & Lubricantes,Filtro de Polen / Habitáculo,filtro-habitaculo,Filtro de polen con capa de carbón activado antibacteriano.,Disponible
JAC,T6,2016-2024,Pickup 4x4 / 4x2,Filtros & Lubricantes,Aceites de Motor 5W-30 / 5W-40,aceite-5w30,Aceite de motor 100% sintético con especificación ACEA C2/C3 para motores con DPF.,Disponible
JAC,T6,2016-2024,Pickup 4x4 / 4x2,Filtros & Lubricantes,Refrigerantes 50/50 OAT,refrigerantes,Líquido refrigerante / anticongelante de larga duración orgánico premezclado.,Disponible
JAC,T6,2016-2024,Pickup 4x4 / 4x2,Filtros & Lubricantes,Aditivos para Diésel y Motor,aditivos,"Tratamientos para sistema de inyección diésel, limpiadores y mejoradores de cetano.",Disponible
JAC,T6,2016-2024,Pickup 4x4 / 4x2,Filtros & Lubricantes,Aceite de Transmisión 75W-90 GL-5,aceite-transmision,"Aceite sintético para transmisiones manuales, diferenciales y cajas de transferencia.",Disponible
JAC,T6,2016-2024,Pickup 4x4 / 4x2,Filtros & Lubricantes,Desengrasantes Mecánicos,desengrasante,Desengrasante de alta potencia para limpieza de motor y componentes mecánicos.,Disponible
JAC,T6,2016-2024,Pickup 4x4 / 4x2,Suspensión & Dirección,Bandeja de Suspensión Delantera,bandeja-suspension,Bandejas de suspensión superior e inferior con bujes vulcanizados y rótula prensada.,Disponible
JAC,T6,2016-2024,Pickup 4x4 / 4x2,Suspensión & Dirección,Rótulas de Suspensión Reforzadas,rotula,Rótulas de acero forjado con guardapolvo de poliuretano.,Disponible
JAC,T6,2016-2024,Pickup 4x4 / 4x2,Suspensión & Dirección,Terminales y Axiales de Dirección,terminal-direccion,Terminales exteriores e interiores con rosca de precisión milimétrica.,Disponible
JAC,T6,2016-2024,Pickup 4x4 / 4x2,Suspensión & Dirección,Cremallera de Dirección Hidráulica,cremallera,Cremalleras de dirección hidráulica y electroasistida completas.,Disponible
JAC,T6,2016-2024,Pickup 4x4 / 4x2,Suspensión & Dirección,Amortiguadores Delanteros y Traseros,amortiguador,Amortiguadores a gas nitrógeno bitubo de respuesta progresiva.,Disponible
JAC,T6,2016-2024,Pickup 4x4 / 4x2,Embrague & Transmisión,Kit de Embrague Reforzado,kit-embrague,Kit de embrague completo con prensa de diafragma templado y disco orgánico.,Disponible
JAC,T6,2016-2024,Pickup 4x4 / 4x2,Embrague & Transmisión,Disco de Embrague de Repuesto,disco-embrague,Disco de embrague con forro de alta fricción y resortes amortiguadores dobles.,Disponible
JAC,T6,2016-2024,Pickup 4x4 / 4x2,Embrague & Transmisión,Rodamiento de Empuje / Collarín Hidráulico,rodamiento-empuje,Rodamiento de empuje mecánico y collarines hidráulicos concéntricos.,Disponible
JAC,T6,2016-2024,Pickup 4x4 / 4x2,Embrague & Transmisión,Cruceta de Cardán y Transmisión,cruceta-cardan,Crucetas de cardán con grasera de engrase y sellos laberinto de triple labio.,Disponible
JAC,T6,2016-2024,Pickup 4x4 / 4x2,Frenos,Pastillas de Freno Cerámicas Delanteras,pastillas-freno,Pastillas de formulación cerámica de bajo polvo y alto coeficiente de fricción.,Disponible
JAC,T6,2016-2024,Pickup 4x4 / 4x2,Frenos,Discos de Freno Ventilados,discos-freno,Discos de freno ventilados con aleación de alto contenido de carbono.,Disponible
JAC,T6,2016-2024,Pickup 4x4 / 4x2,Frenos,Bombas de Freno,bomba-freno,Cilindro maestro de freno de doble circuito con depósito de líquido.,Disponible
JAC,T6,2016-2024,Pickup 4x4 / 4x2,Frenos,Balatas de Freno,balatas-freno,Juegos de zapatas de freno traseras con forro de alta resistencia al calor.,Disponible
JAC,T6,2016-2024,Pickup 4x4 / 4x2,Frenos,Tambores de Freno,tambor-freno,Tambores traseros de fundición gris equilibrados dinámicamente.,Disponible
JAC,T6,2016-2024,Pickup 4x4 / 4x2,Frenos,Cilindro de Rueda / Freno Trasero,cilindro-freno,Cilindros receptores traseros con pistones de aluminio anodizado.,Disponible
JAC,T6,2016-2024,Pickup 4x4 / 4x2,Carrocería & Eléctrico,Ópticos y Focos,opticos-focos,Faros delanteros ópticos principales y focos traseros de alta durabilidad.,Disponible
JAC,T6,2016-2024,Pickup 4x4 / 4x2,Carrocería & Eléctrico,Kit de Ampolletas Halógenas / LED,ampolletas,"Ampolletas H4, H7, H11 en tecnología halógena de alto rendimiento y LED Canbus.",Disponible
JAC,T6,2016-2024,Pickup 4x4 / 4x2,Carrocería & Eléctrico,Alternador de Alto Amperaje,alternador,Alternadores de 110A a 150A con regulador electrónico incorporado.,Disponible
JAC,T6,2016-2024,Pickup 4x4 / 4x2,Carrocería & Eléctrico,Motor de Partida / Arranque Reforzado,motor-partida,Motores de arranque con sistema de reducción planetaria de alto torque.,Disponible
JAC,T6,2016-2024,Pickup 4x4 / 4x2,Carrocería & Eléctrico,Sensor de Velocidad ABS,sensor-abs,Sensores de velocidad de rueda ABS de alta precisión magnética.,Disponible
JAC,T8,2019-2024,Pickup 4x4 / 4x2,Motor & Distribución,Kit de Distribución Completo,kit-distribucion,"Kit completo con correa o cadena dentada de alta resistencia, tensores automáticos y poleas de guía.",Disponible
JAC,T8,2019-2024,Pickup 4x4 / 4x2,Motor & Distribución,Bomba de Agua Refrigeración,bomba-agua,Bomba de agua con rodamiento sellado y sellos cerámicos de alta eficiencia.,Disponible
JAC,T8,2019-2024,Pickup 4x4 / 4x2,Motor & Distribución,Empaquetaduras de Motor,empaquetaduras,"Juegos de empaquetaduras de culata multilámina, múltiple de admisión/escape y tapa de válvulas.",Disponible
JAC,T8,2019-2024,Pickup 4x4 / 4x2,Motor & Distribución,Correa de Accesorios Poly-V,correa-accesorios,"Correas Poly-V estriadas de alta durabilidad para alternador, bomba de dirección y compresor A/C.",Disponible
JAC,T8,2019-2024,Pickup 4x4 / 4x2,Motor & Distribución,Tensor de Correa Automático,tensor-correa,Tensor automático con amortiguación hidráulica interna y polea termoplástica.,Disponible
JAC,T8,2019-2024,Pickup 4x4 / 4x2,Motor & Distribución,Polea de Guía y Desvío,polea-guia,Poleas locas y de desvío con rodamientos sellados de doble hilera de bolas.,Disponible
JAC,T8,2019-2024,Pickup 4x4 / 4x2,Filtros & Lubricantes,Filtro de Aceite Blindado,filtro-aceite,Filtro de aceite con válvula antidrenaje y papel filtrante de microfibra sintética.,Disponible
JAC,T8,2019-2024,Pickup 4x4 / 4x2,Filtros & Lubricantes,Filtro de Aire Motor,filtro-aire,Filtro de aire con plisado de alta densidad para máxima retención de partículas.,Disponible
JAC,T8,2019-2024,Pickup 4x4 / 4x2,Filtros & Lubricantes,Filtro de Petróleo / Diésel,filtro-petroleo,Filtro de combustible con separador de agua para sistemas common rail.,Disponible
JAC,T8,2019-2024,Pickup 4x4 / 4x2,Filtros & Lubricantes,Filtro de Polen / Habitáculo,filtro-habitaculo,Filtro de polen con capa de carbón activado antibacteriano.,Disponible
JAC,T8,2019-2024,Pickup 4x4 / 4x2,Filtros & Lubricantes,Aceites de Motor 5W-30 / 5W-40,aceite-5w30,Aceite de motor 100% sintético con especificación ACEA C2/C3 para motores con DPF.,Disponible
JAC,T8,2019-2024,Pickup 4x4 / 4x2,Filtros & Lubricantes,Refrigerantes 50/50 OAT,refrigerantes,Líquido refrigerante / anticongelante de larga duración orgánico premezclado.,Disponible
JAC,T8,2019-2024,Pickup 4x4 / 4x2,Filtros & Lubricantes,Aditivos para Diésel y Motor,aditivos,"Tratamientos para sistema de inyección diésel, limpiadores y mejoradores de cetano.",Disponible
JAC,T8,2019-2024,Pickup 4x4 / 4x2,Filtros & Lubricantes,Aceite de Transmisión 75W-90 GL-5,aceite-transmision,"Aceite sintético para transmisiones manuales, diferenciales y cajas de transferencia.",Disponible
JAC,T8,2019-2024,Pickup 4x4 / 4x2,Filtros & Lubricantes,Desengrasantes Mecánicos,desengrasante,Desengrasante de alta potencia para limpieza de motor y componentes mecánicos.,Disponible
JAC,T8,2019-2024,Pickup 4x4 / 4x2,Suspensión & Dirección,Bandeja de Suspensión Delantera,bandeja-suspension,Bandejas de suspensión superior e inferior con bujes vulcanizados y rótula prensada.,Disponible
JAC,T8,2019-2024,Pickup 4x4 / 4x2,Suspensión & Dirección,Rótulas de Suspensión Reforzadas,rotula,Rótulas de acero forjado con guardapolvo de poliuretano.,Disponible
JAC,T8,2019-2024,Pickup 4x4 / 4x2,Suspensión & Dirección,Terminales y Axiales de Dirección,terminal-direccion,Terminales exteriores e interiores con rosca de precisión milimétrica.,Disponible
JAC,T8,2019-2024,Pickup 4x4 / 4x2,Suspensión & Dirección,Cremallera de Dirección Hidráulica,cremallera,Cremalleras de dirección hidráulica y electroasistida completas.,Disponible
JAC,T8,2019-2024,Pickup 4x4 / 4x2,Suspensión & Dirección,Amortiguadores Delanteros y Traseros,amortiguador,Amortiguadores a gas nitrógeno bitubo de respuesta progresiva.,Disponible
JAC,T8,2019-2024,Pickup 4x4 / 4x2,Embrague & Transmisión,Kit de Embrague Reforzado,kit-embrague,Kit de embrague completo con prensa de diafragma templado y disco orgánico.,Disponible
JAC,T8,2019-2024,Pickup 4x4 / 4x2,Embrague & Transmisión,Disco de Embrague de Repuesto,disco-embrague,Disco de embrague con forro de alta fricción y resortes amortiguadores dobles.,Disponible
JAC,T8,2019-2024,Pickup 4x4 / 4x2,Embrague & Transmisión,Rodamiento de Empuje / Collarín Hidráulico,rodamiento-empuje,Rodamiento de empuje mecánico y collarines hidráulicos concéntricos.,Disponible
JAC,T8,2019-2024,Pickup 4x4 / 4x2,Embrague & Transmisión,Cruceta de Cardán y Transmisión,cruceta-cardan,Crucetas de cardán con grasera de engrase y sellos laberinto de triple labio.,Disponible
JAC,T8,2019-2024,Pickup 4x4 / 4x2,Frenos,Pastillas de Freno Cerámicas Delanteras,pastillas-freno,Pastillas de formulación cerámica de bajo polvo y alto coeficiente de fricción.,Disponible
JAC,T8,2019-2024,Pickup 4x4 / 4x2,Frenos,Discos de Freno Ventilados,discos-freno,Discos de freno ventilados con aleación de alto contenido de carbono.,Disponible
JAC,T8,2019-2024,Pickup 4x4 / 4x2,Frenos,Bombas de Freno,bomba-freno,Cilindro maestro de freno de doble circuito con depósito de líquido.,Disponible
JAC,T8,2019-2024,Pickup 4x4 / 4x2,Frenos,Balatas de Freno,balatas-freno,Juegos de zapatas de freno traseras con forro de alta resistencia al calor.,Disponible
JAC,T8,2019-2024,Pickup 4x4 / 4x2,Frenos,Tambores de Freno,tambor-freno,Tambores traseros de fundición gris equilibrados dinámicamente.,Disponible
JAC,T8,2019-2024,Pickup 4x4 / 4x2,Frenos,Cilindro de Rueda / Freno Trasero,cilindro-freno,Cilindros receptores traseros con pistones de aluminio anodizado.,Disponible
JAC,T8,2019-2024,Pickup 4x4 / 4x2,Carrocería & Eléctrico,Ópticos y Focos,opticos-focos,Faros delanteros ópticos principales y focos traseros de alta durabilidad.,Disponible
JAC,T8,2019-2024,Pickup 4x4 / 4x2,Carrocería & Eléctrico,Kit de Ampolletas Halógenas / LED,ampolletas,"Ampolletas H4, H7, H11 en tecnología halógena de alto rendimiento y LED Canbus.",Disponible
JAC,T8,2019-2024,Pickup 4x4 / 4x2,Carrocería & Eléctrico,Alternador de Alto Amperaje,alternador,Alternadores de 110A a 150A con regulador electrónico incorporado.,Disponible
JAC,T8,2019-2024,Pickup 4x4 / 4x2,Carrocería & Eléctrico,Motor de Partida / Arranque Reforzado,motor-partida,Motores de arranque con sistema de reducción planetaria de alto torque.,Disponible
JAC,T8,2019-2024,Pickup 4x4 / 4x2,Carrocería & Eléctrico,Sensor de Velocidad ABS,sensor-abs,Sensores de velocidad de rueda ABS de alta precisión magnética.,Disponible
JAC,T8 Pro,2021-2024,Pickup 4x4 / 4x2,Motor & Distribución,Kit de Distribución Completo,kit-distribucion,"Kit completo con correa o cadena dentada de alta resistencia, tensores automáticos y poleas de guía.",Disponible
JAC,T8 Pro,2021-2024,Pickup 4x4 / 4x2,Motor & Distribución,Bomba de Agua Refrigeración,bomba-agua,Bomba de agua con rodamiento sellado y sellos cerámicos de alta eficiencia.,Disponible
JAC,T8 Pro,2021-2024,Pickup 4x4 / 4x2,Motor & Distribución,Empaquetaduras de Motor,empaquetaduras,"Juegos de empaquetaduras de culata multilámina, múltiple de admisión/escape y tapa de válvulas.",Disponible
JAC,T8 Pro,2021-2024,Pickup 4x4 / 4x2,Motor & Distribución,Correa de Accesorios Poly-V,correa-accesorios,"Correas Poly-V estriadas de alta durabilidad para alternador, bomba de dirección y compresor A/C.",Disponible
JAC,T8 Pro,2021-2024,Pickup 4x4 / 4x2,Motor & Distribución,Tensor de Correa Automático,tensor-correa,Tensor automático con amortiguación hidráulica interna y polea termoplástica.,Disponible
JAC,T8 Pro,2021-2024,Pickup 4x4 / 4x2,Motor & Distribución,Polea de Guía y Desvío,polea-guia,Poleas locas y de desvío con rodamientos sellados de doble hilera de bolas.,Disponible
JAC,T8 Pro,2021-2024,Pickup 4x4 / 4x2,Filtros & Lubricantes,Filtro de Aceite Blindado,filtro-aceite,Filtro de aceite con válvula antidrenaje y papel filtrante de microfibra sintética.,Disponible
JAC,T8 Pro,2021-2024,Pickup 4x4 / 4x2,Filtros & Lubricantes,Filtro de Aire Motor,filtro-aire,Filtro de aire con plisado de alta densidad para máxima retención de partículas.,Disponible
JAC,T8 Pro,2021-2024,Pickup 4x4 / 4x2,Filtros & Lubricantes,Filtro de Petróleo / Diésel,filtro-petroleo,Filtro de combustible con separador de agua para sistemas common rail.,Disponible
JAC,T8 Pro,2021-2024,Pickup 4x4 / 4x2,Filtros & Lubricantes,Filtro de Polen / Habitáculo,filtro-habitaculo,Filtro de polen con capa de carbón activado antibacteriano.,Disponible
JAC,T8 Pro,2021-2024,Pickup 4x4 / 4x2,Filtros & Lubricantes,Aceites de Motor 5W-30 / 5W-40,aceite-5w30,Aceite de motor 100% sintético con especificación ACEA C2/C3 para motores con DPF.,Disponible
JAC,T8 Pro,2021-2024,Pickup 4x4 / 4x2,Filtros & Lubricantes,Refrigerantes 50/50 OAT,refrigerantes,Líquido refrigerante / anticongelante de larga duración orgánico premezclado.,Disponible
JAC,T8 Pro,2021-2024,Pickup 4x4 / 4x2,Filtros & Lubricantes,Aditivos para Diésel y Motor,aditivos,"Tratamientos para sistema de inyección diésel, limpiadores y mejoradores de cetano.",Disponible
JAC,T8 Pro,2021-2024,Pickup 4x4 / 4x2,Filtros & Lubricantes,Aceite de Transmisión 75W-90 GL-5,aceite-transmision,"Aceite sintético para transmisiones manuales, diferenciales y cajas de transferencia.",Disponible
JAC,T8 Pro,2021-2024,Pickup 4x4 / 4x2,Filtros & Lubricantes,Desengrasantes Mecánicos,desengrasante,Desengrasante de alta potencia para limpieza de motor y componentes mecánicos.,Disponible
JAC,T8 Pro,2021-2024,Pickup 4x4 / 4x2,Suspensión & Dirección,Bandeja de Suspensión Delantera,bandeja-suspension,Bandejas de suspensión superior e inferior con bujes vulcanizados y rótula prensada.,Disponible
JAC,T8 Pro,2021-2024,Pickup 4x4 / 4x2,Suspensión & Dirección,Rótulas de Suspensión Reforzadas,rotula,Rótulas de acero forjado con guardapolvo de poliuretano.,Disponible
JAC,T8 Pro,2021-2024,Pickup 4x4 / 4x2,Suspensión & Dirección,Terminales y Axiales de Dirección,terminal-direccion,Terminales exteriores e interiores con rosca de precisión milimétrica.,Disponible
JAC,T8 Pro,2021-2024,Pickup 4x4 / 4x2,Suspensión & Dirección,Cremallera de Dirección Hidráulica,cremallera,Cremalleras de dirección hidráulica y electroasistida completas.,Disponible
JAC,T8 Pro,2021-2024,Pickup 4x4 / 4x2,Suspensión & Dirección,Amortiguadores Delanteros y Traseros,amortiguador,Amortiguadores a gas nitrógeno bitubo de respuesta progresiva.,Disponible
JAC,T8 Pro,2021-2024,Pickup 4x4 / 4x2,Embrague & Transmisión,Kit de Embrague Reforzado,kit-embrague,Kit de embrague completo con prensa de diafragma templado y disco orgánico.,Disponible
JAC,T8 Pro,2021-2024,Pickup 4x4 / 4x2,Embrague & Transmisión,Disco de Embrague de Repuesto,disco-embrague,Disco de embrague con forro de alta fricción y resortes amortiguadores dobles.,Disponible
JAC,T8 Pro,2021-2024,Pickup 4x4 / 4x2,Embrague & Transmisión,Rodamiento de Empuje / Collarín Hidráulico,rodamiento-empuje,Rodamiento de empuje mecánico y collarines hidráulicos concéntricos.,Disponible
JAC,T8 Pro,2021-2024,Pickup 4x4 / 4x2,Embrague & Transmisión,Cruceta de Cardán y Transmisión,cruceta-cardan,Crucetas de cardán con grasera de engrase y sellos laberinto de triple labio.,Disponible
JAC,T8 Pro,2021-2024,Pickup 4x4 / 4x2,Frenos,Pastillas de Freno Cerámicas Delanteras,pastillas-freno,Pastillas de formulación cerámica de bajo polvo y alto coeficiente de fricción.,Disponible
JAC,T8 Pro,2021-2024,Pickup 4x4 / 4x2,Frenos,Discos de Freno Ventilados,discos-freno,Discos de freno ventilados con aleación de alto contenido de carbono.,Disponible
JAC,T8 Pro,2021-2024,Pickup 4x4 / 4x2,Frenos,Bombas de Freno,bomba-freno,Cilindro maestro de freno de doble circuito con depósito de líquido.,Disponible
JAC,T8 Pro,2021-2024,Pickup 4x4 / 4x2,Frenos,Balatas de Freno,balatas-freno,Juegos de zapatas de freno traseras con forro de alta resistencia al calor.,Disponible
JAC,T8 Pro,2021-2024,Pickup 4x4 / 4x2,Frenos,Tambores de Freno,tambor-freno,Tambores traseros de fundición gris equilibrados dinámicamente.,Disponible
JAC,T8 Pro,2021-2024,Pickup 4x4 / 4x2,Frenos,Cilindro de Rueda / Freno Trasero,cilindro-freno,Cilindros receptores traseros con pistones de aluminio anodizado.,Disponible
JAC,T8 Pro,2021-2024,Pickup 4x4 / 4x2,Carrocería & Eléctrico,Ópticos y Focos,opticos-focos,Faros delanteros ópticos principales y focos traseros de alta durabilidad.,Disponible
JAC,T8 Pro,2021-2024,Pickup 4x4 / 4x2,Carrocería & Eléctrico,Kit de Ampolletas Halógenas / LED,ampolletas,"Ampolletas H4, H7, H11 en tecnología halógena de alto rendimiento y LED Canbus.",Disponible
JAC,T8 Pro,2021-2024,Pickup 4x4 / 4x2,Carrocería & Eléctrico,Alternador de Alto Amperaje,alternador,Alternadores de 110A a 150A con regulador electrónico incorporado.,Disponible
JAC,T8 Pro,2021-2024,Pickup 4x4 / 4x2,Carrocería & Eléctrico,Motor de Partida / Arranque Reforzado,motor-partida,Motores de arranque con sistema de reducción planetaria de alto torque.,Disponible
JAC,T8 Pro,2021-2024,Pickup 4x4 / 4x2,Carrocería & Eléctrico,Sensor de Velocidad ABS,sensor-abs,Sensores de velocidad de rueda ABS de alta precisión magnética.,Disponible
JAC,Sunray,2018-2024,Furgón Cargo / Minibús,Motor & Distribución,Kit de Distribución Completo,kit-distribucion,"Kit completo con correa o cadena dentada de alta resistencia, tensores automáticos y poleas de guía.",Disponible
JAC,Sunray,2018-2024,Furgón Cargo / Minibús,Motor & Distribución,Bomba de Agua Refrigeración,bomba-agua,Bomba de agua con rodamiento sellado y sellos cerámicos de alta eficiencia.,Disponible
JAC,Sunray,2018-2024,Furgón Cargo / Minibús,Motor & Distribución,Empaquetaduras de Motor,empaquetaduras,"Juegos de empaquetaduras de culata multilámina, múltiple de admisión/escape y tapa de válvulas.",Disponible
JAC,Sunray,2018-2024,Furgón Cargo / Minibús,Motor & Distribución,Correa de Accesorios Poly-V,correa-accesorios,"Correas Poly-V estriadas de alta durabilidad para alternador, bomba de dirección y compresor A/C.",Disponible
JAC,Sunray,2018-2024,Furgón Cargo / Minibús,Motor & Distribución,Tensor de Correa Automático,tensor-correa,Tensor automático con amortiguación hidráulica interna y polea termoplástica.,Disponible
JAC,Sunray,2018-2024,Furgón Cargo / Minibús,Motor & Distribución,Polea de Guía y Desvío,polea-guia,Poleas locas y de desvío con rodamientos sellados de doble hilera de bolas.,Disponible
JAC,Sunray,2018-2024,Furgón Cargo / Minibús,Filtros & Lubricantes,Filtro de Aceite Blindado,filtro-aceite,Filtro de aceite con válvula antidrenaje y papel filtrante de microfibra sintética.,Disponible
JAC,Sunray,2018-2024,Furgón Cargo / Minibús,Filtros & Lubricantes,Filtro de Aire Motor,filtro-aire,Filtro de aire con plisado de alta densidad para máxima retención de partículas.,Disponible
JAC,Sunray,2018-2024,Furgón Cargo / Minibús,Filtros & Lubricantes,Filtro de Petróleo / Diésel,filtro-petroleo,Filtro de combustible con separador de agua para sistemas common rail.,Disponible
JAC,Sunray,2018-2024,Furgón Cargo / Minibús,Filtros & Lubricantes,Filtro de Polen / Habitáculo,filtro-habitaculo,Filtro de polen con capa de carbón activado antibacteriano.,Disponible
JAC,Sunray,2018-2024,Furgón Cargo / Minibús,Filtros & Lubricantes,Aceites de Motor 5W-30 / 5W-40,aceite-5w30,Aceite de motor 100% sintético con especificación ACEA C2/C3 para motores con DPF.,Disponible
JAC,Sunray,2018-2024,Furgón Cargo / Minibús,Filtros & Lubricantes,Refrigerantes 50/50 OAT,refrigerantes,Líquido refrigerante / anticongelante de larga duración orgánico premezclado.,Disponible
JAC,Sunray,2018-2024,Furgón Cargo / Minibús,Filtros & Lubricantes,Aditivos para Diésel y Motor,aditivos,"Tratamientos para sistema de inyección diésel, limpiadores y mejoradores de cetano.",Disponible
JAC,Sunray,2018-2024,Furgón Cargo / Minibús,Filtros & Lubricantes,Aceite de Transmisión 75W-90 GL-5,aceite-transmision,"Aceite sintético para transmisiones manuales, diferenciales y cajas de transferencia.",Disponible
JAC,Sunray,2018-2024,Furgón Cargo / Minibús,Filtros & Lubricantes,Desengrasantes Mecánicos,desengrasante,Desengrasante de alta potencia para limpieza de motor y componentes mecánicos.,Disponible
JAC,Sunray,2018-2024,Furgón Cargo / Minibús,Suspensión & Dirección,Bandeja de Suspensión Delantera,bandeja-suspension,Bandejas de suspensión superior e inferior con bujes vulcanizados y rótula prensada.,Disponible
JAC,Sunray,2018-2024,Furgón Cargo / Minibús,Suspensión & Dirección,Rótulas de Suspensión Reforzadas,rotula,Rótulas de acero forjado con guardapolvo de poliuretano.,Disponible
JAC,Sunray,2018-2024,Furgón Cargo / Minibús,Suspensión & Dirección,Terminales y Axiales de Dirección,terminal-direccion,Terminales exteriores e interiores con rosca de precisión milimétrica.,Disponible
JAC,Sunray,2018-2024,Furgón Cargo / Minibús,Suspensión & Dirección,Cremallera de Dirección Hidráulica,cremallera,Cremalleras de dirección hidráulica y electroasistida completas.,Disponible
JAC,Sunray,2018-2024,Furgón Cargo / Minibús,Suspensión & Dirección,Amortiguadores Delanteros y Traseros,amortiguador,Amortiguadores a gas nitrógeno bitubo de respuesta progresiva.,Disponible
JAC,Sunray,2018-2024,Furgón Cargo / Minibús,Embrague & Transmisión,Kit de Embrague Reforzado,kit-embrague,Kit de embrague completo con prensa de diafragma templado y disco orgánico.,Disponible
JAC,Sunray,2018-2024,Furgón Cargo / Minibús,Embrague & Transmisión,Disco de Embrague de Repuesto,disco-embrague,Disco de embrague con forro de alta fricción y resortes amortiguadores dobles.,Disponible
JAC,Sunray,2018-2024,Furgón Cargo / Minibús,Embrague & Transmisión,Rodamiento de Empuje / Collarín Hidráulico,rodamiento-empuje,Rodamiento de empuje mecánico y collarines hidráulicos concéntricos.,Disponible
JAC,Sunray,2018-2024,Furgón Cargo / Minibús,Embrague & Transmisión,Cruceta de Cardán y Transmisión,cruceta-cardan,Crucetas de cardán con grasera de engrase y sellos laberinto de triple labio.,Disponible
JAC,Sunray,2018-2024,Furgón Cargo / Minibús,Frenos,Pastillas de Freno Cerámicas Delanteras,pastillas-freno,Pastillas de formulación cerámica de bajo polvo y alto coeficiente de fricción.,Disponible
JAC,Sunray,2018-2024,Furgón Cargo / Minibús,Frenos,Discos de Freno Ventilados,discos-freno,Discos de freno ventilados con aleación de alto contenido de carbono.,Disponible
JAC,Sunray,2018-2024,Furgón Cargo / Minibús,Frenos,Bombas de Freno,bomba-freno,Cilindro maestro de freno de doble circuito con depósito de líquido.,Disponible
JAC,Sunray,2018-2024,Furgón Cargo / Minibús,Frenos,Balatas de Freno,balatas-freno,Juegos de zapatas de freno traseras con forro de alta resistencia al calor.,Disponible
JAC,Sunray,2018-2024,Furgón Cargo / Minibús,Frenos,Tambores de Freno,tambor-freno,Tambores traseros de fundición gris equilibrados dinámicamente.,Disponible
JAC,Sunray,2018-2024,Furgón Cargo / Minibús,Frenos,Cilindro de Rueda / Freno Trasero,cilindro-freno,Cilindros receptores traseros con pistones de aluminio anodizado.,Disponible
JAC,Sunray,2018-2024,Furgón Cargo / Minibús,Carrocería & Eléctrico,Ópticos y Focos,opticos-focos,Faros delanteros ópticos principales y focos traseros de alta durabilidad.,Disponible
JAC,Sunray,2018-2024,Furgón Cargo / Minibús,Carrocería & Eléctrico,Kit de Ampolletas Halógenas / LED,ampolletas,"Ampolletas H4, H7, H11 en tecnología halógena de alto rendimiento y LED Canbus.",Disponible
JAC,Sunray,2018-2024,Furgón Cargo / Minibús,Carrocería & Eléctrico,Alternador de Alto Amperaje,alternador,Alternadores de 110A a 150A con regulador electrónico incorporado.,Disponible
JAC,Sunray,2018-2024,Furgón Cargo / Minibús,Carrocería & Eléctrico,Motor de Partida / Arranque Reforzado,motor-partida,Motores de arranque con sistema de reducción planetaria de alto torque.,Disponible
JAC,Sunray,2018-2024,Furgón Cargo / Minibús,Carrocería & Eléctrico,Sensor de Velocidad ABS,sensor-abs,Sensores de velocidad de rueda ABS de alta precisión magnética.,Disponible
JMC,Vigus,2015-2024,Pickup 4x4 / 4x2,Motor & Distribución,Kit de Distribución Completo,kit-distribucion,"Kit completo con correa o cadena dentada de alta resistencia, tensores automáticos y poleas de guía.",Disponible
JMC,Vigus,2015-2024,Pickup 4x4 / 4x2,Motor & Distribución,Bomba de Agua Refrigeración,bomba-agua,Bomba de agua con rodamiento sellado y sellos cerámicos de alta eficiencia.,Disponible
JMC,Vigus,2015-2024,Pickup 4x4 / 4x2,Motor & Distribución,Empaquetaduras de Motor,empaquetaduras,"Juegos de empaquetaduras de culata multilámina, múltiple de admisión/escape y tapa de válvulas.",Disponible
JMC,Vigus,2015-2024,Pickup 4x4 / 4x2,Motor & Distribución,Correa de Accesorios Poly-V,correa-accesorios,"Correas Poly-V estriadas de alta durabilidad para alternador, bomba de dirección y compresor A/C.",Disponible
JMC,Vigus,2015-2024,Pickup 4x4 / 4x2,Motor & Distribución,Tensor de Correa Automático,tensor-correa,Tensor automático con amortiguación hidráulica interna y polea termoplástica.,Disponible
JMC,Vigus,2015-2024,Pickup 4x4 / 4x2,Motor & Distribución,Polea de Guía y Desvío,polea-guia,Poleas locas y de desvío con rodamientos sellados de doble hilera de bolas.,Disponible
JMC,Vigus,2015-2024,Pickup 4x4 / 4x2,Filtros & Lubricantes,Filtro de Aceite Blindado,filtro-aceite,Filtro de aceite con válvula antidrenaje y papel filtrante de microfibra sintética.,Disponible
JMC,Vigus,2015-2024,Pickup 4x4 / 4x2,Filtros & Lubricantes,Filtro de Aire Motor,filtro-aire,Filtro de aire con plisado de alta densidad para máxima retención de partículas.,Disponible
JMC,Vigus,2015-2024,Pickup 4x4 / 4x2,Filtros & Lubricantes,Filtro de Petróleo / Diésel,filtro-petroleo,Filtro de combustible con separador de agua para sistemas common rail.,Disponible
JMC,Vigus,2015-2024,Pickup 4x4 / 4x2,Filtros & Lubricantes,Filtro de Polen / Habitáculo,filtro-habitaculo,Filtro de polen con capa de carbón activado antibacteriano.,Disponible
JMC,Vigus,2015-2024,Pickup 4x4 / 4x2,Filtros & Lubricantes,Aceites de Motor 5W-30 / 5W-40,aceite-5w30,Aceite de motor 100% sintético con especificación ACEA C2/C3 para motores con DPF.,Disponible
JMC,Vigus,2015-2024,Pickup 4x4 / 4x2,Filtros & Lubricantes,Refrigerantes 50/50 OAT,refrigerantes,Líquido refrigerante / anticongelante de larga duración orgánico premezclado.,Disponible
JMC,Vigus,2015-2024,Pickup 4x4 / 4x2,Filtros & Lubricantes,Aditivos para Diésel y Motor,aditivos,"Tratamientos para sistema de inyección diésel, limpiadores y mejoradores de cetano.",Disponible
JMC,Vigus,2015-2024,Pickup 4x4 / 4x2,Filtros & Lubricantes,Aceite de Transmisión 75W-90 GL-5,aceite-transmision,"Aceite sintético para transmisiones manuales, diferenciales y cajas de transferencia.",Disponible
JMC,Vigus,2015-2024,Pickup 4x4 / 4x2,Filtros & Lubricantes,Desengrasantes Mecánicos,desengrasante,Desengrasante de alta potencia para limpieza de motor y componentes mecánicos.,Disponible
JMC,Vigus,2015-2024,Pickup 4x4 / 4x2,Suspensión & Dirección,Bandeja de Suspensión Delantera,bandeja-suspension,Bandejas de suspensión superior e inferior con bujes vulcanizados y rótula prensada.,Disponible
JMC,Vigus,2015-2024,Pickup 4x4 / 4x2,Suspensión & Dirección,Rótulas de Suspensión Reforzadas,rotula,Rótulas de acero forjado con guardapolvo de poliuretano.,Disponible
JMC,Vigus,2015-2024,Pickup 4x4 / 4x2,Suspensión & Dirección,Terminales y Axiales de Dirección,terminal-direccion,Terminales exteriores e interiores con rosca de precisión milimétrica.,Disponible
JMC,Vigus,2015-2024,Pickup 4x4 / 4x2,Suspensión & Dirección,Cremallera de Dirección Hidráulica,cremallera,Cremalleras de dirección hidráulica y electroasistida completas.,Disponible
JMC,Vigus,2015-2024,Pickup 4x4 / 4x2,Suspensión & Dirección,Amortiguadores Delanteros y Traseros,amortiguador,Amortiguadores a gas nitrógeno bitubo de respuesta progresiva.,Disponible
JMC,Vigus,2015-2024,Pickup 4x4 / 4x2,Embrague & Transmisión,Kit de Embrague Reforzado,kit-embrague,Kit de embrague completo con prensa de diafragma templado y disco orgánico.,Disponible
JMC,Vigus,2015-2024,Pickup 4x4 / 4x2,Embrague & Transmisión,Disco de Embrague de Repuesto,disco-embrague,Disco de embrague con forro de alta fricción y resortes amortiguadores dobles.,Disponible
JMC,Vigus,2015-2024,Pickup 4x4 / 4x2,Embrague & Transmisión,Rodamiento de Empuje / Collarín Hidráulico,rodamiento-empuje,Rodamiento de empuje mecánico y collarines hidráulicos concéntricos.,Disponible
JMC,Vigus,2015-2024,Pickup 4x4 / 4x2,Embrague & Transmisión,Cruceta de Cardán y Transmisión,cruceta-cardan,Crucetas de cardán con grasera de engrase y sellos laberinto de triple labio.,Disponible
JMC,Vigus,2015-2024,Pickup 4x4 / 4x2,Frenos,Pastillas de Freno Cerámicas Delanteras,pastillas-freno,Pastillas de formulación cerámica de bajo polvo y alto coeficiente de fricción.,Disponible
JMC,Vigus,2015-2024,Pickup 4x4 / 4x2,Frenos,Discos de Freno Ventilados,discos-freno,Discos de freno ventilados con aleación de alto contenido de carbono.,Disponible
JMC,Vigus,2015-2024,Pickup 4x4 / 4x2,Frenos,Bombas de Freno,bomba-freno,Cilindro maestro de freno de doble circuito con depósito de líquido.,Disponible
JMC,Vigus,2015-2024,Pickup 4x4 / 4x2,Frenos,Balatas de Freno,balatas-freno,Juegos de zapatas de freno traseras con forro de alta resistencia al calor.,Disponible
JMC,Vigus,2015-2024,Pickup 4x4 / 4x2,Frenos,Tambores de Freno,tambor-freno,Tambores traseros de fundición gris equilibrados dinámicamente.,Disponible
JMC,Vigus,2015-2024,Pickup 4x4 / 4x2,Frenos,Cilindro de Rueda / Freno Trasero,cilindro-freno,Cilindros receptores traseros con pistones de aluminio anodizado.,Disponible
JMC,Vigus,2015-2024,Pickup 4x4 / 4x2,Carrocería & Eléctrico,Ópticos y Focos,opticos-focos,Faros delanteros ópticos principales y focos traseros de alta durabilidad.,Disponible
JMC,Vigus,2015-2024,Pickup 4x4 / 4x2,Carrocería & Eléctrico,Kit de Ampolletas Halógenas / LED,ampolletas,"Ampolletas H4, H7, H11 en tecnología halógena de alto rendimiento y LED Canbus.",Disponible
JMC,Vigus,2015-2024,Pickup 4x4 / 4x2,Carrocería & Eléctrico,Alternador de Alto Amperaje,alternador,Alternadores de 110A a 150A con regulador electrónico incorporado.,Disponible
JMC,Vigus,2015-2024,Pickup 4x4 / 4x2,Carrocería & Eléctrico,Motor de Partida / Arranque Reforzado,motor-partida,Motores de arranque con sistema de reducción planetaria de alto torque.,Disponible
JMC,Vigus,2015-2024,Pickup 4x4 / 4x2,Carrocería & Eléctrico,Sensor de Velocidad ABS,sensor-abs,Sensores de velocidad de rueda ABS de alta precisión magnética.,Disponible
JMC,Vigus Pro,2021-2024,Pickup 4x4 / 4x2,Motor & Distribución,Kit de Distribución Completo,kit-distribucion,"Kit completo con correa o cadena dentada de alta resistencia, tensores automáticos y poleas de guía.",Disponible
JMC,Vigus Pro,2021-2024,Pickup 4x4 / 4x2,Motor & Distribución,Bomba de Agua Refrigeración,bomba-agua,Bomba de agua con rodamiento sellado y sellos cerámicos de alta eficiencia.,Disponible
JMC,Vigus Pro,2021-2024,Pickup 4x4 / 4x2,Motor & Distribución,Empaquetaduras de Motor,empaquetaduras,"Juegos de empaquetaduras de culata multilámina, múltiple de admisión/escape y tapa de válvulas.",Disponible
JMC,Vigus Pro,2021-2024,Pickup 4x4 / 4x2,Motor & Distribución,Correa de Accesorios Poly-V,correa-accesorios,"Correas Poly-V estriadas de alta durabilidad para alternador, bomba de dirección y compresor A/C.",Disponible
JMC,Vigus Pro,2021-2024,Pickup 4x4 / 4x2,Motor & Distribución,Tensor de Correa Automático,tensor-correa,Tensor automático con amortiguación hidráulica interna y polea termoplástica.,Disponible
JMC,Vigus Pro,2021-2024,Pickup 4x4 / 4x2,Motor & Distribución,Polea de Guía y Desvío,polea-guia,Poleas locas y de desvío con rodamientos sellados de doble hilera de bolas.,Disponible
JMC,Vigus Pro,2021-2024,Pickup 4x4 / 4x2,Filtros & Lubricantes,Filtro de Aceite Blindado,filtro-aceite,Filtro de aceite con válvula antidrenaje y papel filtrante de microfibra sintética.,Disponible
JMC,Vigus Pro,2021-2024,Pickup 4x4 / 4x2,Filtros & Lubricantes,Filtro de Aire Motor,filtro-aire,Filtro de aire con plisado de alta densidad para máxima retención de partículas.,Disponible
JMC,Vigus Pro,2021-2024,Pickup 4x4 / 4x2,Filtros & Lubricantes,Filtro de Petróleo / Diésel,filtro-petroleo,Filtro de combustible con separador de agua para sistemas common rail.,Disponible
JMC,Vigus Pro,2021-2024,Pickup 4x4 / 4x2,Filtros & Lubricantes,Filtro de Polen / Habitáculo,filtro-habitaculo,Filtro de polen con capa de carbón activado antibacteriano.,Disponible
JMC,Vigus Pro,2021-2024,Pickup 4x4 / 4x2,Filtros & Lubricantes,Aceites de Motor 5W-30 / 5W-40,aceite-5w30,Aceite de motor 100% sintético con especificación ACEA C2/C3 para motores con DPF.,Disponible
JMC,Vigus Pro,2021-2024,Pickup 4x4 / 4x2,Filtros & Lubricantes,Refrigerantes 50/50 OAT,refrigerantes,Líquido refrigerante / anticongelante de larga duración orgánico premezclado.,Disponible
JMC,Vigus Pro,2021-2024,Pickup 4x4 / 4x2,Filtros & Lubricantes,Aditivos para Diésel y Motor,aditivos,"Tratamientos para sistema de inyección diésel, limpiadores y mejoradores de cetano.",Disponible
JMC,Vigus Pro,2021-2024,Pickup 4x4 / 4x2,Filtros & Lubricantes,Aceite de Transmisión 75W-90 GL-5,aceite-transmision,"Aceite sintético para transmisiones manuales, diferenciales y cajas de transferencia.",Disponible
JMC,Vigus Pro,2021-2024,Pickup 4x4 / 4x2,Filtros & Lubricantes,Desengrasantes Mecánicos,desengrasante,Desengrasante de alta potencia para limpieza de motor y componentes mecánicos.,Disponible
JMC,Vigus Pro,2021-2024,Pickup 4x4 / 4x2,Suspensión & Dirección,Bandeja de Suspensión Delantera,bandeja-suspension,Bandejas de suspensión superior e inferior con bujes vulcanizados y rótula prensada.,Disponible
JMC,Vigus Pro,2021-2024,Pickup 4x4 / 4x2,Suspensión & Dirección,Rótulas de Suspensión Reforzadas,rotula,Rótulas de acero forjado con guardapolvo de poliuretano.,Disponible
JMC,Vigus Pro,2021-2024,Pickup 4x4 / 4x2,Suspensión & Dirección,Terminales y Axiales de Dirección,terminal-direccion,Terminales exteriores e interiores con rosca de precisión milimétrica.,Disponible
JMC,Vigus Pro,2021-2024,Pickup 4x4 / 4x2,Suspensión & Dirección,Cremallera de Dirección Hidráulica,cremallera,Cremalleras de dirección hidráulica y electroasistida completas.,Disponible
JMC,Vigus Pro,2021-2024,Pickup 4x4 / 4x2,Suspensión & Dirección,Amortiguadores Delanteros y Traseros,amortiguador,Amortiguadores a gas nitrógeno bitubo de respuesta progresiva.,Disponible
JMC,Vigus Pro,2021-2024,Pickup 4x4 / 4x2,Embrague & Transmisión,Kit de Embrague Reforzado,kit-embrague,Kit de embrague completo con prensa de diafragma templado y disco orgánico.,Disponible
JMC,Vigus Pro,2021-2024,Pickup 4x4 / 4x2,Embrague & Transmisión,Disco de Embrague de Repuesto,disco-embrague,Disco de embrague con forro de alta fricción y resortes amortiguadores dobles.,Disponible
JMC,Vigus Pro,2021-2024,Pickup 4x4 / 4x2,Embrague & Transmisión,Rodamiento de Empuje / Collarín Hidráulico,rodamiento-empuje,Rodamiento de empuje mecánico y collarines hidráulicos concéntricos.,Disponible
JMC,Vigus Pro,2021-2024,Pickup 4x4 / 4x2,Embrague & Transmisión,Cruceta de Cardán y Transmisión,cruceta-cardan,Crucetas de cardán con grasera de engrase y sellos laberinto de triple labio.,Disponible
JMC,Vigus Pro,2021-2024,Pickup 4x4 / 4x2,Frenos,Pastillas de Freno Cerámicas Delanteras,pastillas-freno,Pastillas de formulación cerámica de bajo polvo y alto coeficiente de fricción.,Disponible
JMC,Vigus Pro,2021-2024,Pickup 4x4 / 4x2,Frenos,Discos de Freno Ventilados,discos-freno,Discos de freno ventilados con aleación de alto contenido de carbono.,Disponible
JMC,Vigus Pro,2021-2024,Pickup 4x4 / 4x2,Frenos,Bombas de Freno,bomba-freno,Cilindro maestro de freno de doble circuito con depósito de líquido.,Disponible
JMC,Vigus Pro,2021-2024,Pickup 4x4 / 4x2,Frenos,Balatas de Freno,balatas-freno,Juegos de zapatas de freno traseras con forro de alta resistencia al calor.,Disponible
JMC,Vigus Pro,2021-2024,Pickup 4x4 / 4x2,Frenos,Tambores de Freno,tambor-freno,Tambores traseros de fundición gris equilibrados dinámicamente.,Disponible
JMC,Vigus Pro,2021-2024,Pickup 4x4 / 4x2,Frenos,Cilindro de Rueda / Freno Trasero,cilindro-freno,Cilindros receptores traseros con pistones de aluminio anodizado.,Disponible
JMC,Vigus Pro,2021-2024,Pickup 4x4 / 4x2,Carrocería & Eléctrico,Ópticos y Focos,opticos-focos,Faros delanteros ópticos principales y focos traseros de alta durabilidad.,Disponible
JMC,Vigus Pro,2021-2024,Pickup 4x4 / 4x2,Carrocería & Eléctrico,Kit de Ampolletas Halógenas / LED,ampolletas,"Ampolletas H4, H7, H11 en tecnología halógena de alto rendimiento y LED Canbus.",Disponible
JMC,Vigus Pro,2021-2024,Pickup 4x4 / 4x2,Carrocería & Eléctrico,Alternador de Alto Amperaje,alternador,Alternadores de 110A a 150A con regulador electrónico incorporado.,Disponible
JMC,Vigus Pro,2021-2024,Pickup 4x4 / 4x2,Carrocería & Eléctrico,Motor de Partida / Arranque Reforzado,motor-partida,Motores de arranque con sistema de reducción planetaria de alto torque.,Disponible
JMC,Vigus Pro,2021-2024,Pickup 4x4 / 4x2,Carrocería & Eléctrico,Sensor de Velocidad ABS,sensor-abs,Sensores de velocidad de rueda ABS de alta precisión magnética.,Disponible
JMC,Boarding,2016-2024,Pickup 4x2,Motor & Distribución,Kit de Distribución Completo,kit-distribucion,"Kit completo con correa o cadena dentada de alta resistencia, tensores automáticos y poleas de guía.",Disponible
JMC,Boarding,2016-2024,Pickup 4x2,Motor & Distribución,Bomba de Agua Refrigeración,bomba-agua,Bomba de agua con rodamiento sellado y sellos cerámicos de alta eficiencia.,Disponible
JMC,Boarding,2016-2024,Pickup 4x2,Motor & Distribución,Empaquetaduras de Motor,empaquetaduras,"Juegos de empaquetaduras de culata multilámina, múltiple de admisión/escape y tapa de válvulas.",Disponible
JMC,Boarding,2016-2024,Pickup 4x2,Motor & Distribución,Correa de Accesorios Poly-V,correa-accesorios,"Correas Poly-V estriadas de alta durabilidad para alternador, bomba de dirección y compresor A/C.",Disponible
JMC,Boarding,2016-2024,Pickup 4x2,Motor & Distribución,Tensor de Correa Automático,tensor-correa,Tensor automático con amortiguación hidráulica interna y polea termoplástica.,Disponible
JMC,Boarding,2016-2024,Pickup 4x2,Motor & Distribución,Polea de Guía y Desvío,polea-guia,Poleas locas y de desvío con rodamientos sellados de doble hilera de bolas.,Disponible
JMC,Boarding,2016-2024,Pickup 4x2,Filtros & Lubricantes,Filtro de Aceite Blindado,filtro-aceite,Filtro de aceite con válvula antidrenaje y papel filtrante de microfibra sintética.,Disponible
JMC,Boarding,2016-2024,Pickup 4x2,Filtros & Lubricantes,Filtro de Aire Motor,filtro-aire,Filtro de aire con plisado de alta densidad para máxima retención de partículas.,Disponible
JMC,Boarding,2016-2024,Pickup 4x2,Filtros & Lubricantes,Filtro de Petróleo / Diésel,filtro-petroleo,Filtro de combustible con separador de agua para sistemas common rail.,Disponible
JMC,Boarding,2016-2024,Pickup 4x2,Filtros & Lubricantes,Filtro de Polen / Habitáculo,filtro-habitaculo,Filtro de polen con capa de carbón activado antibacteriano.,Disponible
JMC,Boarding,2016-2024,Pickup 4x2,Filtros & Lubricantes,Aceites de Motor 5W-30 / 5W-40,aceite-5w30,Aceite de motor 100% sintético con especificación ACEA C2/C3 para motores con DPF.,Disponible
JMC,Boarding,2016-2024,Pickup 4x2,Filtros & Lubricantes,Refrigerantes 50/50 OAT,refrigerantes,Líquido refrigerante / anticongelante de larga duración orgánico premezclado.,Disponible
JMC,Boarding,2016-2024,Pickup 4x2,Filtros & Lubricantes,Aditivos para Diésel y Motor,aditivos,"Tratamientos para sistema de inyección diésel, limpiadores y mejoradores de cetano.",Disponible
JMC,Boarding,2016-2024,Pickup 4x2,Filtros & Lubricantes,Aceite de Transmisión 75W-90 GL-5,aceite-transmision,"Aceite sintético para transmisiones manuales, diferenciales y cajas de transferencia.",Disponible
JMC,Boarding,2016-2024,Pickup 4x2,Filtros & Lubricantes,Desengrasantes Mecánicos,desengrasante,Desengrasante de alta potencia para limpieza de motor y componentes mecánicos.,Disponible
JMC,Boarding,2016-2024,Pickup 4x2,Suspensión & Dirección,Bandeja de Suspensión Delantera,bandeja-suspension,Bandejas de suspensión superior e inferior con bujes vulcanizados y rótula prensada.,Disponible
JMC,Boarding,2016-2024,Pickup 4x2,Suspensión & Dirección,Rótulas de Suspensión Reforzadas,rotula,Rótulas de acero forjado con guardapolvo de poliuretano.,Disponible
JMC,Boarding,2016-2024,Pickup 4x2,Suspensión & Dirección,Terminales y Axiales de Dirección,terminal-direccion,Terminales exteriores e interiores con rosca de precisión milimétrica.,Disponible
JMC,Boarding,2016-2024,Pickup 4x2,Suspensión & Dirección,Cremallera de Dirección Hidráulica,cremallera,Cremalleras de dirección hidráulica y electroasistida completas.,Disponible
JMC,Boarding,2016-2024,Pickup 4x2,Suspensión & Dirección,Amortiguadores Delanteros y Traseros,amortiguador,Amortiguadores a gas nitrógeno bitubo de respuesta progresiva.,Disponible
JMC,Boarding,2016-2024,Pickup 4x2,Embrague & Transmisión,Kit de Embrague Reforzado,kit-embrague,Kit de embrague completo con prensa de diafragma templado y disco orgánico.,Disponible
JMC,Boarding,2016-2024,Pickup 4x2,Embrague & Transmisión,Disco de Embrague de Repuesto,disco-embrague,Disco de embrague con forro de alta fricción y resortes amortiguadores dobles.,Disponible
JMC,Boarding,2016-2024,Pickup 4x2,Embrague & Transmisión,Rodamiento de Empuje / Collarín Hidráulico,rodamiento-empuje,Rodamiento de empuje mecánico y collarines hidráulicos concéntricos.,Disponible
JMC,Boarding,2016-2024,Pickup 4x2,Embrague & Transmisión,Cruceta de Cardán y Transmisión,cruceta-cardan,Crucetas de cardán con grasera de engrase y sellos laberinto de triple labio.,Disponible
JMC,Boarding,2016-2024,Pickup 4x2,Frenos,Pastillas de Freno Cerámicas Delanteras,pastillas-freno,Pastillas de formulación cerámica de bajo polvo y alto coeficiente de fricción.,Disponible
JMC,Boarding,2016-2024,Pickup 4x2,Frenos,Discos de Freno Ventilados,discos-freno,Discos de freno ventilados con aleación de alto contenido de carbono.,Disponible
JMC,Boarding,2016-2024,Pickup 4x2,Frenos,Bombas de Freno,bomba-freno,Cilindro maestro de freno de doble circuito con depósito de líquido.,Disponible
JMC,Boarding,2016-2024,Pickup 4x2,Frenos,Balatas de Freno,balatas-freno,Juegos de zapatas de freno traseras con forro de alta resistencia al calor.,Disponible
JMC,Boarding,2016-2024,Pickup 4x2,Frenos,Tambores de Freno,tambor-freno,Tambores traseros de fundición gris equilibrados dinámicamente.,Disponible
JMC,Boarding,2016-2024,Pickup 4x2,Frenos,Cilindro de Rueda / Freno Trasero,cilindro-freno,Cilindros receptores traseros con pistones de aluminio anodizado.,Disponible
JMC,Boarding,2016-2024,Pickup 4x2,Carrocería & Eléctrico,Ópticos y Focos,opticos-focos,Faros delanteros ópticos principales y focos traseros de alta durabilidad.,Disponible
JMC,Boarding,2016-2024,Pickup 4x2,Carrocería & Eléctrico,Kit de Ampolletas Halógenas / LED,ampolletas,"Ampolletas H4, H7, H11 en tecnología halógena de alto rendimiento y LED Canbus.",Disponible
JMC,Boarding,2016-2024,Pickup 4x2,Carrocería & Eléctrico,Alternador de Alto Amperaje,alternador,Alternadores de 110A a 150A con regulador electrónico incorporado.,Disponible
JMC,Boarding,2016-2024,Pickup 4x2,Carrocería & Eléctrico,Motor de Partida / Arranque Reforzado,motor-partida,Motores de arranque con sistema de reducción planetaria de alto torque.,Disponible
JMC,Boarding,2016-2024,Pickup 4x2,Carrocería & Eléctrico,Sensor de Velocidad ABS,sensor-abs,Sensores de velocidad de rueda ABS de alta precisión magnética.,Disponible
JMC,Carrying,2012-2024,Camión Ligero,Motor & Distribución,Kit de Distribución Completo,kit-distribucion,"Kit completo con correa o cadena dentada de alta resistencia, tensores automáticos y poleas de guía.",Disponible
JMC,Carrying,2012-2024,Camión Ligero,Motor & Distribución,Bomba de Agua Refrigeración,bomba-agua,Bomba de agua con rodamiento sellado y sellos cerámicos de alta eficiencia.,Disponible
JMC,Carrying,2012-2024,Camión Ligero,Motor & Distribución,Empaquetaduras de Motor,empaquetaduras,"Juegos de empaquetaduras de culata multilámina, múltiple de admisión/escape y tapa de válvulas.",Disponible
JMC,Carrying,2012-2024,Camión Ligero,Motor & Distribución,Correa de Accesorios Poly-V,correa-accesorios,"Correas Poly-V estriadas de alta durabilidad para alternador, bomba de dirección y compresor A/C.",Disponible
JMC,Carrying,2012-2024,Camión Ligero,Motor & Distribución,Tensor de Correa Automático,tensor-correa,Tensor automático con amortiguación hidráulica interna y polea termoplástica.,Disponible
JMC,Carrying,2012-2024,Camión Ligero,Motor & Distribución,Polea de Guía y Desvío,polea-guia,Poleas locas y de desvío con rodamientos sellados de doble hilera de bolas.,Disponible
JMC,Carrying,2012-2024,Camión Ligero,Filtros & Lubricantes,Filtro de Aceite Blindado,filtro-aceite,Filtro de aceite con válvula antidrenaje y papel filtrante de microfibra sintética.,Disponible
JMC,Carrying,2012-2024,Camión Ligero,Filtros & Lubricantes,Filtro de Aire Motor,filtro-aire,Filtro de aire con plisado de alta densidad para máxima retención de partículas.,Disponible
JMC,Carrying,2012-2024,Camión Ligero,Filtros & Lubricantes,Filtro de Petróleo / Diésel,filtro-petroleo,Filtro de combustible con separador de agua para sistemas common rail.,Disponible
JMC,Carrying,2012-2024,Camión Ligero,Filtros & Lubricantes,Filtro de Polen / Habitáculo,filtro-habitaculo,Filtro de polen con capa de carbón activado antibacteriano.,Disponible
JMC,Carrying,2012-2024,Camión Ligero,Filtros & Lubricantes,Aceites de Motor 5W-30 / 5W-40,aceite-5w30,Aceite de motor 100% sintético con especificación ACEA C2/C3 para motores con DPF.,Disponible
JMC,Carrying,2012-2024,Camión Ligero,Filtros & Lubricantes,Refrigerantes 50/50 OAT,refrigerantes,Líquido refrigerante / anticongelante de larga duración orgánico premezclado.,Disponible
JMC,Carrying,2012-2024,Camión Ligero,Filtros & Lubricantes,Aditivos para Diésel y Motor,aditivos,"Tratamientos para sistema de inyección diésel, limpiadores y mejoradores de cetano.",Disponible
JMC,Carrying,2012-2024,Camión Ligero,Filtros & Lubricantes,Aceite de Transmisión 75W-90 GL-5,aceite-transmision,"Aceite sintético para transmisiones manuales, diferenciales y cajas de transferencia.",Disponible
JMC,Carrying,2012-2024,Camión Ligero,Filtros & Lubricantes,Desengrasantes Mecánicos,desengrasante,Desengrasante de alta potencia para limpieza de motor y componentes mecánicos.,Disponible
JMC,Carrying,2012-2024,Camión Ligero,Suspensión & Dirección,Bandeja de Suspensión Delantera,bandeja-suspension,Bandejas de suspensión superior e inferior con bujes vulcanizados y rótula prensada.,Disponible
JMC,Carrying,2012-2024,Camión Ligero,Suspensión & Dirección,Rótulas de Suspensión Reforzadas,rotula,Rótulas de acero forjado con guardapolvo de poliuretano.,Disponible
JMC,Carrying,2012-2024,Camión Ligero,Suspensión & Dirección,Terminales y Axiales de Dirección,terminal-direccion,Terminales exteriores e interiores con rosca de precisión milimétrica.,Disponible
JMC,Carrying,2012-2024,Camión Ligero,Suspensión & Dirección,Cremallera de Dirección Hidráulica,cremallera,Cremalleras de dirección hidráulica y electroasistida completas.,Disponible
JMC,Carrying,2012-2024,Camión Ligero,Suspensión & Dirección,Amortiguadores Delanteros y Traseros,amortiguador,Amortiguadores a gas nitrógeno bitubo de respuesta progresiva.,Disponible
JMC,Carrying,2012-2024,Camión Ligero,Embrague & Transmisión,Kit de Embrague Reforzado,kit-embrague,Kit de embrague completo con prensa de diafragma templado y disco orgánico.,Disponible
JMC,Carrying,2012-2024,Camión Ligero,Embrague & Transmisión,Disco de Embrague de Repuesto,disco-embrague,Disco de embrague con forro de alta fricción y resortes amortiguadores dobles.,Disponible
JMC,Carrying,2012-2024,Camión Ligero,Embrague & Transmisión,Rodamiento de Empuje / Collarín Hidráulico,rodamiento-empuje,Rodamiento de empuje mecánico y collarines hidráulicos concéntricos.,Disponible
JMC,Carrying,2012-2024,Camión Ligero,Embrague & Transmisión,Cruceta de Cardán y Transmisión,cruceta-cardan,Crucetas de cardán con grasera de engrase y sellos laberinto de triple labio.,Disponible
JMC,Carrying,2012-2024,Camión Ligero,Frenos,Pastillas de Freno Cerámicas Delanteras,pastillas-freno,Pastillas de formulación cerámica de bajo polvo y alto coeficiente de fricción.,Disponible
JMC,Carrying,2012-2024,Camión Ligero,Frenos,Discos de Freno Ventilados,discos-freno,Discos de freno ventilados con aleación de alto contenido de carbono.,Disponible
JMC,Carrying,2012-2024,Camión Ligero,Frenos,Bombas de Freno,bomba-freno,Cilindro maestro de freno de doble circuito con depósito de líquido.,Disponible
JMC,Carrying,2012-2024,Camión Ligero,Frenos,Balatas de Freno,balatas-freno,Juegos de zapatas de freno traseras con forro de alta resistencia al calor.,Disponible
JMC,Carrying,2012-2024,Camión Ligero,Frenos,Tambores de Freno,tambor-freno,Tambores traseros de fundición gris equilibrados dinámicamente.,Disponible
JMC,Carrying,2012-2024,Camión Ligero,Frenos,Cilindro de Rueda / Freno Trasero,cilindro-freno,Cilindros receptores traseros con pistones de aluminio anodizado.,Disponible
JMC,Carrying,2012-2024,Camión Ligero,Carrocería & Eléctrico,Ópticos y Focos,opticos-focos,Faros delanteros ópticos principales y focos traseros de alta durabilidad.,Disponible
JMC,Carrying,2012-2024,Camión Ligero,Carrocería & Eléctrico,Kit de Ampolletas Halógenas / LED,ampolletas,"Ampolletas H4, H7, H11 en tecnología halógena de alto rendimiento y LED Canbus.",Disponible
JMC,Carrying,2012-2024,Camión Ligero,Carrocería & Eléctrico,Alternador de Alto Amperaje,alternador,Alternadores de 110A a 150A con regulador electrónico incorporado.,Disponible
JMC,Carrying,2012-2024,Camión Ligero,Carrocería & Eléctrico,Motor de Partida / Arranque Reforzado,motor-partida,Motores de arranque con sistema de reducción planetaria de alto torque.,Disponible
JMC,Carrying,2012-2024,Camión Ligero,Carrocería & Eléctrico,Sensor de Velocidad ABS,sensor-abs,Sensores de velocidad de rueda ABS de alta precisión magnética.,Disponible
DFSK,Glory 580,2019-2024,SUV Familiar,Motor & Distribución,Kit de Distribución Completo,kit-distribucion,"Kit completo con correa o cadena dentada de alta resistencia, tensores automáticos y poleas de guía.",Disponible
DFSK,Glory 580,2019-2024,SUV Familiar,Motor & Distribución,Bomba de Agua Refrigeración,bomba-agua,Bomba de agua con rodamiento sellado y sellos cerámicos de alta eficiencia.,Disponible
DFSK,Glory 580,2019-2024,SUV Familiar,Motor & Distribución,Empaquetaduras de Motor,empaquetaduras,"Juegos de empaquetaduras de culata multilámina, múltiple de admisión/escape y tapa de válvulas.",Disponible
DFSK,Glory 580,2019-2024,SUV Familiar,Motor & Distribución,Correa de Accesorios Poly-V,correa-accesorios,"Correas Poly-V estriadas de alta durabilidad para alternador, bomba de dirección y compresor A/C.",Disponible
DFSK,Glory 580,2019-2024,SUV Familiar,Motor & Distribución,Tensor de Correa Automático,tensor-correa,Tensor automático con amortiguación hidráulica interna y polea termoplástica.,Disponible
DFSK,Glory 580,2019-2024,SUV Familiar,Motor & Distribución,Polea de Guía y Desvío,polea-guia,Poleas locas y de desvío con rodamientos sellados de doble hilera de bolas.,Disponible
DFSK,Glory 580,2019-2024,SUV Familiar,Filtros & Lubricantes,Filtro de Aceite Blindado,filtro-aceite,Filtro de aceite con válvula antidrenaje y papel filtrante de microfibra sintética.,Disponible
DFSK,Glory 580,2019-2024,SUV Familiar,Filtros & Lubricantes,Filtro de Aire Motor,filtro-aire,Filtro de aire con plisado de alta densidad para máxima retención de partículas.,Disponible
DFSK,Glory 580,2019-2024,SUV Familiar,Filtros & Lubricantes,Filtro de Petróleo / Diésel,filtro-petroleo,Filtro de combustible con separador de agua para sistemas common rail.,Disponible
DFSK,Glory 580,2019-2024,SUV Familiar,Filtros & Lubricantes,Filtro de Polen / Habitáculo,filtro-habitaculo,Filtro de polen con capa de carbón activado antibacteriano.,Disponible
DFSK,Glory 580,2019-2024,SUV Familiar,Filtros & Lubricantes,Aceites de Motor 5W-30 / 5W-40,aceite-5w30,Aceite de motor 100% sintético con especificación ACEA C2/C3 para motores con DPF.,Disponible
DFSK,Glory 580,2019-2024,SUV Familiar,Filtros & Lubricantes,Refrigerantes 50/50 OAT,refrigerantes,Líquido refrigerante / anticongelante de larga duración orgánico premezclado.,Disponible
DFSK,Glory 580,2019-2024,SUV Familiar,Filtros & Lubricantes,Aditivos para Diésel y Motor,aditivos,"Tratamientos para sistema de inyección diésel, limpiadores y mejoradores de cetano.",Disponible
DFSK,Glory 580,2019-2024,SUV Familiar,Filtros & Lubricantes,Aceite de Transmisión 75W-90 GL-5,aceite-transmision,"Aceite sintético para transmisiones manuales, diferenciales y cajas de transferencia.",Disponible
DFSK,Glory 580,2019-2024,SUV Familiar,Filtros & Lubricantes,Desengrasantes Mecánicos,desengrasante,Desengrasante de alta potencia para limpieza de motor y componentes mecánicos.,Disponible
DFSK,Glory 580,2019-2024,SUV Familiar,Suspensión & Dirección,Bandeja de Suspensión Delantera,bandeja-suspension,Bandejas de suspensión superior e inferior con bujes vulcanizados y rótula prensada.,Disponible
DFSK,Glory 580,2019-2024,SUV Familiar,Suspensión & Dirección,Rótulas de Suspensión Reforzadas,rotula,Rótulas de acero forjado con guardapolvo de poliuretano.,Disponible
DFSK,Glory 580,2019-2024,SUV Familiar,Suspensión & Dirección,Terminales y Axiales de Dirección,terminal-direccion,Terminales exteriores e interiores con rosca de precisión milimétrica.,Disponible
DFSK,Glory 580,2019-2024,SUV Familiar,Suspensión & Dirección,Cremallera de Dirección Hidráulica,cremallera,Cremalleras de dirección hidráulica y electroasistida completas.,Disponible
DFSK,Glory 580,2019-2024,SUV Familiar,Suspensión & Dirección,Amortiguadores Delanteros y Traseros,amortiguador,Amortiguadores a gas nitrógeno bitubo de respuesta progresiva.,Disponible
DFSK,Glory 580,2019-2024,SUV Familiar,Embrague & Transmisión,Kit de Embrague Reforzado,kit-embrague,Kit de embrague completo con prensa de diafragma templado y disco orgánico.,Disponible
DFSK,Glory 580,2019-2024,SUV Familiar,Embrague & Transmisión,Disco de Embrague de Repuesto,disco-embrague,Disco de embrague con forro de alta fricción y resortes amortiguadores dobles.,Disponible
DFSK,Glory 580,2019-2024,SUV Familiar,Embrague & Transmisión,Rodamiento de Empuje / Collarín Hidráulico,rodamiento-empuje,Rodamiento de empuje mecánico y collarines hidráulicos concéntricos.,Disponible
DFSK,Glory 580,2019-2024,SUV Familiar,Embrague & Transmisión,Cruceta de Cardán y Transmisión,cruceta-cardan,Crucetas de cardán con grasera de engrase y sellos laberinto de triple labio.,Disponible
DFSK,Glory 580,2019-2024,SUV Familiar,Frenos,Pastillas de Freno Cerámicas Delanteras,pastillas-freno,Pastillas de formulación cerámica de bajo polvo y alto coeficiente de fricción.,Disponible
DFSK,Glory 580,2019-2024,SUV Familiar,Frenos,Discos de Freno Ventilados,discos-freno,Discos de freno ventilados con aleación de alto contenido de carbono.,Disponible
DFSK,Glory 580,2019-2024,SUV Familiar,Frenos,Bombas de Freno,bomba-freno,Cilindro maestro de freno de doble circuito con depósito de líquido.,Disponible
DFSK,Glory 580,2019-2024,SUV Familiar,Frenos,Balatas de Freno,balatas-freno,Juegos de zapatas de freno traseras con forro de alta resistencia al calor.,Disponible
DFSK,Glory 580,2019-2024,SUV Familiar,Frenos,Tambores de Freno,tambor-freno,Tambores traseros de fundición gris equilibrados dinámicamente.,Disponible
DFSK,Glory 580,2019-2024,SUV Familiar,Frenos,Cilindro de Rueda / Freno Trasero,cilindro-freno,Cilindros receptores traseros con pistones de aluminio anodizado.,Disponible
DFSK,Glory 580,2019-2024,SUV Familiar,Carrocería & Eléctrico,Ópticos y Focos,opticos-focos,Faros delanteros ópticos principales y focos traseros de alta durabilidad.,Disponible
DFSK,Glory 580,2019-2024,SUV Familiar,Carrocería & Eléctrico,Kit de Ampolletas Halógenas / LED,ampolletas,"Ampolletas H4, H7, H11 en tecnología halógena de alto rendimiento y LED Canbus.",Disponible
DFSK,Glory 580,2019-2024,SUV Familiar,Carrocería & Eléctrico,Alternador de Alto Amperaje,alternador,Alternadores de 110A a 150A con regulador electrónico incorporado.,Disponible
DFSK,Glory 580,2019-2024,SUV Familiar,Carrocería & Eléctrico,Motor de Partida / Arranque Reforzado,motor-partida,Motores de arranque con sistema de reducción planetaria de alto torque.,Disponible
DFSK,Glory 580,2019-2024,SUV Familiar,Carrocería & Eléctrico,Sensor de Velocidad ABS,sensor-abs,Sensores de velocidad de rueda ABS de alta precisión magnética.,Disponible
DFSK,EC35,2020-2024,Furgón Eléctrico,Motor & Distribución,Kit de Distribución Completo,kit-distribucion,"Kit completo con correa o cadena dentada de alta resistencia, tensores automáticos y poleas de guía.",Disponible
DFSK,EC35,2020-2024,Furgón Eléctrico,Motor & Distribución,Bomba de Agua Refrigeración,bomba-agua,Bomba de agua con rodamiento sellado y sellos cerámicos de alta eficiencia.,Disponible
DFSK,EC35,2020-2024,Furgón Eléctrico,Motor & Distribución,Empaquetaduras de Motor,empaquetaduras,"Juegos de empaquetaduras de culata multilámina, múltiple de admisión/escape y tapa de válvulas.",Disponible
DFSK,EC35,2020-2024,Furgón Eléctrico,Motor & Distribución,Correa de Accesorios Poly-V,correa-accesorios,"Correas Poly-V estriadas de alta durabilidad para alternador, bomba de dirección y compresor A/C.",Disponible
DFSK,EC35,2020-2024,Furgón Eléctrico,Motor & Distribución,Tensor de Correa Automático,tensor-correa,Tensor automático con amortiguación hidráulica interna y polea termoplástica.,Disponible
DFSK,EC35,2020-2024,Furgón Eléctrico,Motor & Distribución,Polea de Guía y Desvío,polea-guia,Poleas locas y de desvío con rodamientos sellados de doble hilera de bolas.,Disponible
DFSK,EC35,2020-2024,Furgón Eléctrico,Filtros & Lubricantes,Filtro de Aceite Blindado,filtro-aceite,Filtro de aceite con válvula antidrenaje y papel filtrante de microfibra sintética.,Disponible
DFSK,EC35,2020-2024,Furgón Eléctrico,Filtros & Lubricantes,Filtro de Aire Motor,filtro-aire,Filtro de aire con plisado de alta densidad para máxima retención de partículas.,Disponible
DFSK,EC35,2020-2024,Furgón Eléctrico,Filtros & Lubricantes,Filtro de Petróleo / Diésel,filtro-petroleo,Filtro de combustible con separador de agua para sistemas common rail.,Disponible
DFSK,EC35,2020-2024,Furgón Eléctrico,Filtros & Lubricantes,Filtro de Polen / Habitáculo,filtro-habitaculo,Filtro de polen con capa de carbón activado antibacteriano.,Disponible
DFSK,EC35,2020-2024,Furgón Eléctrico,Filtros & Lubricantes,Aceites de Motor 5W-30 / 5W-40,aceite-5w30,Aceite de motor 100% sintético con especificación ACEA C2/C3 para motores con DPF.,Disponible
DFSK,EC35,2020-2024,Furgón Eléctrico,Filtros & Lubricantes,Refrigerantes 50/50 OAT,refrigerantes,Líquido refrigerante / anticongelante de larga duración orgánico premezclado.,Disponible
DFSK,EC35,2020-2024,Furgón Eléctrico,Filtros & Lubricantes,Aditivos para Diésel y Motor,aditivos,"Tratamientos para sistema de inyección diésel, limpiadores y mejoradores de cetano.",Disponible
DFSK,EC35,2020-2024,Furgón Eléctrico,Filtros & Lubricantes,Aceite de Transmisión 75W-90 GL-5,aceite-transmision,"Aceite sintético para transmisiones manuales, diferenciales y cajas de transferencia.",Disponible
DFSK,EC35,2020-2024,Furgón Eléctrico,Filtros & Lubricantes,Desengrasantes Mecánicos,desengrasante,Desengrasante de alta potencia para limpieza de motor y componentes mecánicos.,Disponible
DFSK,EC35,2020-2024,Furgón Eléctrico,Suspensión & Dirección,Bandeja de Suspensión Delantera,bandeja-suspension,Bandejas de suspensión superior e inferior con bujes vulcanizados y rótula prensada.,Disponible
DFSK,EC35,2020-2024,Furgón Eléctrico,Suspensión & Dirección,Rótulas de Suspensión Reforzadas,rotula,Rótulas de acero forjado con guardapolvo de poliuretano.,Disponible
DFSK,EC35,2020-2024,Furgón Eléctrico,Suspensión & Dirección,Terminales y Axiales de Dirección,terminal-direccion,Terminales exteriores e interiores con rosca de precisión milimétrica.,Disponible
DFSK,EC35,2020-2024,Furgón Eléctrico,Suspensión & Dirección,Cremallera de Dirección Hidráulica,cremallera,Cremalleras de dirección hidráulica y electroasistida completas.,Disponible
DFSK,EC35,2020-2024,Furgón Eléctrico,Suspensión & Dirección,Amortiguadores Delanteros y Traseros,amortiguador,Amortiguadores a gas nitrógeno bitubo de respuesta progresiva.,Disponible
DFSK,EC35,2020-2024,Furgón Eléctrico,Embrague & Transmisión,Kit de Embrague Reforzado,kit-embrague,Kit de embrague completo con prensa de diafragma templado y disco orgánico.,Disponible
DFSK,EC35,2020-2024,Furgón Eléctrico,Embrague & Transmisión,Disco de Embrague de Repuesto,disco-embrague,Disco de embrague con forro de alta fricción y resortes amortiguadores dobles.,Disponible
DFSK,EC35,2020-2024,Furgón Eléctrico,Embrague & Transmisión,Rodamiento de Empuje / Collarín Hidráulico,rodamiento-empuje,Rodamiento de empuje mecánico y collarines hidráulicos concéntricos.,Disponible
DFSK,EC35,2020-2024,Furgón Eléctrico,Embrague & Transmisión,Cruceta de Cardán y Transmisión,cruceta-cardan,Crucetas de cardán con grasera de engrase y sellos laberinto de triple labio.,Disponible
DFSK,EC35,2020-2024,Furgón Eléctrico,Frenos,Pastillas de Freno Cerámicas Delanteras,pastillas-freno,Pastillas de formulación cerámica de bajo polvo y alto coeficiente de fricción.,Disponible
DFSK,EC35,2020-2024,Furgón Eléctrico,Frenos,Discos de Freno Ventilados,discos-freno,Discos de freno ventilados con aleación de alto contenido de carbono.,Disponible
DFSK,EC35,2020-2024,Furgón Eléctrico,Frenos,Bombas de Freno,bomba-freno,Cilindro maestro de freno de doble circuito con depósito de líquido.,Disponible
DFSK,EC35,2020-2024,Furgón Eléctrico,Frenos,Balatas de Freno,balatas-freno,Juegos de zapatas de freno traseras con forro de alta resistencia al calor.,Disponible
DFSK,EC35,2020-2024,Furgón Eléctrico,Frenos,Tambores de Freno,tambor-freno,Tambores traseros de fundición gris equilibrados dinámicamente.,Disponible
DFSK,EC35,2020-2024,Furgón Eléctrico,Frenos,Cilindro de Rueda / Freno Trasero,cilindro-freno,Cilindros receptores traseros con pistones de aluminio anodizado.,Disponible
DFSK,EC35,2020-2024,Furgón Eléctrico,Carrocería & Eléctrico,Ópticos y Focos,opticos-focos,Faros delanteros ópticos principales y focos traseros de alta durabilidad.,Disponible
DFSK,EC35,2020-2024,Furgón Eléctrico,Carrocería & Eléctrico,Kit de Ampolletas Halógenas / LED,ampolletas,"Ampolletas H4, H7, H11 en tecnología halógena de alto rendimiento y LED Canbus.",Disponible
DFSK,EC35,2020-2024,Furgón Eléctrico,Carrocería & Eléctrico,Alternador de Alto Amperaje,alternador,Alternadores de 110A a 150A con regulador electrónico incorporado.,Disponible
DFSK,EC35,2020-2024,Furgón Eléctrico,Carrocería & Eléctrico,Motor de Partida / Arranque Reforzado,motor-partida,Motores de arranque con sistema de reducción planetaria de alto torque.,Disponible
DFSK,EC35,2020-2024,Furgón Eléctrico,Carrocería & Eléctrico,Sensor de Velocidad ABS,sensor-abs,Sensores de velocidad de rueda ABS de alta precisión magnética.,Disponible
DFSK,C31,2015-2024,Minitruck Cabina Simple,Motor & Distribución,Kit de Distribución Completo,kit-distribucion,"Kit completo con correa o cadena dentada de alta resistencia, tensores automáticos y poleas de guía.",Disponible
DFSK,C31,2015-2024,Minitruck Cabina Simple,Motor & Distribución,Bomba de Agua Refrigeración,bomba-agua,Bomba de agua con rodamiento sellado y sellos cerámicos de alta eficiencia.,Disponible
DFSK,C31,2015-2024,Minitruck Cabina Simple,Motor & Distribución,Empaquetaduras de Motor,empaquetaduras,"Juegos de empaquetaduras de culata multilámina, múltiple de admisión/escape y tapa de válvulas.",Disponible
DFSK,C31,2015-2024,Minitruck Cabina Simple,Motor & Distribución,Correa de Accesorios Poly-V,correa-accesorios,"Correas Poly-V estriadas de alta durabilidad para alternador, bomba de dirección y compresor A/C.",Disponible
DFSK,C31,2015-2024,Minitruck Cabina Simple,Motor & Distribución,Tensor de Correa Automático,tensor-correa,Tensor automático con amortiguación hidráulica interna y polea termoplástica.,Disponible
DFSK,C31,2015-2024,Minitruck Cabina Simple,Motor & Distribución,Polea de Guía y Desvío,polea-guia,Poleas locas y de desvío con rodamientos sellados de doble hilera de bolas.,Disponible
DFSK,C31,2015-2024,Minitruck Cabina Simple,Filtros & Lubricantes,Filtro de Aceite Blindado,filtro-aceite,Filtro de aceite con válvula antidrenaje y papel filtrante de microfibra sintética.,Disponible
DFSK,C31,2015-2024,Minitruck Cabina Simple,Filtros & Lubricantes,Filtro de Aire Motor,filtro-aire,Filtro de aire con plisado de alta densidad para máxima retención de partículas.,Disponible
DFSK,C31,2015-2024,Minitruck Cabina Simple,Filtros & Lubricantes,Filtro de Petróleo / Diésel,filtro-petroleo,Filtro de combustible con separador de agua para sistemas common rail.,Disponible
DFSK,C31,2015-2024,Minitruck Cabina Simple,Filtros & Lubricantes,Filtro de Polen / Habitáculo,filtro-habitaculo,Filtro de polen con capa de carbón activado antibacteriano.,Disponible
DFSK,C31,2015-2024,Minitruck Cabina Simple,Filtros & Lubricantes,Aceites de Motor 5W-30 / 5W-40,aceite-5w30,Aceite de motor 100% sintético con especificación ACEA C2/C3 para motores con DPF.,Disponible
DFSK,C31,2015-2024,Minitruck Cabina Simple,Filtros & Lubricantes,Refrigerantes 50/50 OAT,refrigerantes,Líquido refrigerante / anticongelante de larga duración orgánico premezclado.,Disponible
DFSK,C31,2015-2024,Minitruck Cabina Simple,Filtros & Lubricantes,Aditivos para Diésel y Motor,aditivos,"Tratamientos para sistema de inyección diésel, limpiadores y mejoradores de cetano.",Disponible
DFSK,C31,2015-2024,Minitruck Cabina Simple,Filtros & Lubricantes,Aceite de Transmisión 75W-90 GL-5,aceite-transmision,"Aceite sintético para transmisiones manuales, diferenciales y cajas de transferencia.",Disponible
DFSK,C31,2015-2024,Minitruck Cabina Simple,Filtros & Lubricantes,Desengrasantes Mecánicos,desengrasante,Desengrasante de alta potencia para limpieza de motor y componentes mecánicos.,Disponible
DFSK,C31,2015-2024,Minitruck Cabina Simple,Suspensión & Dirección,Bandeja de Suspensión Delantera,bandeja-suspension,Bandejas de suspensión superior e inferior con bujes vulcanizados y rótula prensada.,Disponible
DFSK,C31,2015-2024,Minitruck Cabina Simple,Suspensión & Dirección,Rótulas de Suspensión Reforzadas,rotula,Rótulas de acero forjado con guardapolvo de poliuretano.,Disponible
DFSK,C31,2015-2024,Minitruck Cabina Simple,Suspensión & Dirección,Terminales y Axiales de Dirección,terminal-direccion,Terminales exteriores e interiores con rosca de precisión milimétrica.,Disponible
DFSK,C31,2015-2024,Minitruck Cabina Simple,Suspensión & Dirección,Cremallera de Dirección Hidráulica,cremallera,Cremalleras de dirección hidráulica y electroasistida completas.,Disponible
DFSK,C31,2015-2024,Minitruck Cabina Simple,Suspensión & Dirección,Amortiguadores Delanteros y Traseros,amortiguador,Amortiguadores a gas nitrógeno bitubo de respuesta progresiva.,Disponible
DFSK,C31,2015-2024,Minitruck Cabina Simple,Embrague & Transmisión,Kit de Embrague Reforzado,kit-embrague,Kit de embrague completo con prensa de diafragma templado y disco orgánico.,Disponible
DFSK,C31,2015-2024,Minitruck Cabina Simple,Embrague & Transmisión,Disco de Embrague de Repuesto,disco-embrague,Disco de embrague con forro de alta fricción y resortes amortiguadores dobles.,Disponible
DFSK,C31,2015-2024,Minitruck Cabina Simple,Embrague & Transmisión,Rodamiento de Empuje / Collarín Hidráulico,rodamiento-empuje,Rodamiento de empuje mecánico y collarines hidráulicos concéntricos.,Disponible
DFSK,C31,2015-2024,Minitruck Cabina Simple,Embrague & Transmisión,Cruceta de Cardán y Transmisión,cruceta-cardan,Crucetas de cardán con grasera de engrase y sellos laberinto de triple labio.,Disponible
DFSK,C31,2015-2024,Minitruck Cabina Simple,Frenos,Pastillas de Freno Cerámicas Delanteras,pastillas-freno,Pastillas de formulación cerámica de bajo polvo y alto coeficiente de fricción.,Disponible
DFSK,C31,2015-2024,Minitruck Cabina Simple,Frenos,Discos de Freno Ventilados,discos-freno,Discos de freno ventilados con aleación de alto contenido de carbono.,Disponible
DFSK,C31,2015-2024,Minitruck Cabina Simple,Frenos,Bombas de Freno,bomba-freno,Cilindro maestro de freno de doble circuito con depósito de líquido.,Disponible
DFSK,C31,2015-2024,Minitruck Cabina Simple,Frenos,Balatas de Freno,balatas-freno,Juegos de zapatas de freno traseras con forro de alta resistencia al calor.,Disponible
DFSK,C31,2015-2024,Minitruck Cabina Simple,Frenos,Tambores de Freno,tambor-freno,Tambores traseros de fundición gris equilibrados dinámicamente.,Disponible
DFSK,C31,2015-2024,Minitruck Cabina Simple,Frenos,Cilindro de Rueda / Freno Trasero,cilindro-freno,Cilindros receptores traseros con pistones de aluminio anodizado.,Disponible
DFSK,C31,2015-2024,Minitruck Cabina Simple,Carrocería & Eléctrico,Ópticos y Focos,opticos-focos,Faros delanteros ópticos principales y focos traseros de alta durabilidad.,Disponible
DFSK,C31,2015-2024,Minitruck Cabina Simple,Carrocería & Eléctrico,Kit de Ampolletas Halógenas / LED,ampolletas,"Ampolletas H4, H7, H11 en tecnología halógena de alto rendimiento y LED Canbus.",Disponible
DFSK,C31,2015-2024,Minitruck Cabina Simple,Carrocería & Eléctrico,Alternador de Alto Amperaje,alternador,Alternadores de 110A a 150A con regulador electrónico incorporado.,Disponible
DFSK,C31,2015-2024,Minitruck Cabina Simple,Carrocería & Eléctrico,Motor de Partida / Arranque Reforzado,motor-partida,Motores de arranque con sistema de reducción planetaria de alto torque.,Disponible
DFSK,C31,2015-2024,Minitruck Cabina Simple,Carrocería & Eléctrico,Sensor de Velocidad ABS,sensor-abs,Sensores de velocidad de rueda ABS de alta precisión magnética.,Disponible
DFSK,K01,2016-2024,Minitruck,Motor & Distribución,Kit de Distribución Completo,kit-distribucion,"Kit completo con correa o cadena dentada de alta resistencia, tensores automáticos y poleas de guía.",Disponible
DFSK,K01,2016-2024,Minitruck,Motor & Distribución,Bomba de Agua Refrigeración,bomba-agua,Bomba de agua con rodamiento sellado y sellos cerámicos de alta eficiencia.,Disponible
DFSK,K01,2016-2024,Minitruck,Motor & Distribución,Empaquetaduras de Motor,empaquetaduras,"Juegos de empaquetaduras de culata multilámina, múltiple de admisión/escape y tapa de válvulas.",Disponible
DFSK,K01,2016-2024,Minitruck,Motor & Distribución,Correa de Accesorios Poly-V,correa-accesorios,"Correas Poly-V estriadas de alta durabilidad para alternador, bomba de dirección y compresor A/C.",Disponible
DFSK,K01,2016-2024,Minitruck,Motor & Distribución,Tensor de Correa Automático,tensor-correa,Tensor automático con amortiguación hidráulica interna y polea termoplástica.,Disponible
DFSK,K01,2016-2024,Minitruck,Motor & Distribución,Polea de Guía y Desvío,polea-guia,Poleas locas y de desvío con rodamientos sellados de doble hilera de bolas.,Disponible
DFSK,K01,2016-2024,Minitruck,Filtros & Lubricantes,Filtro de Aceite Blindado,filtro-aceite,Filtro de aceite con válvula antidrenaje y papel filtrante de microfibra sintética.,Disponible
DFSK,K01,2016-2024,Minitruck,Filtros & Lubricantes,Filtro de Aire Motor,filtro-aire,Filtro de aire con plisado de alta densidad para máxima retención de partículas.,Disponible
DFSK,K01,2016-2024,Minitruck,Filtros & Lubricantes,Filtro de Petróleo / Diésel,filtro-petroleo,Filtro de combustible con separador de agua para sistemas common rail.,Disponible
DFSK,K01,2016-2024,Minitruck,Filtros & Lubricantes,Filtro de Polen / Habitáculo,filtro-habitaculo,Filtro de polen con capa de carbón activado antibacteriano.,Disponible
DFSK,K01,2016-2024,Minitruck,Filtros & Lubricantes,Aceites de Motor 5W-30 / 5W-40,aceite-5w30,Aceite de motor 100% sintético con especificación ACEA C2/C3 para motores con DPF.,Disponible
DFSK,K01,2016-2024,Minitruck,Filtros & Lubricantes,Refrigerantes 50/50 OAT,refrigerantes,Líquido refrigerante / anticongelante de larga duración orgánico premezclado.,Disponible
DFSK,K01,2016-2024,Minitruck,Filtros & Lubricantes,Aditivos para Diésel y Motor,aditivos,"Tratamientos para sistema de inyección diésel, limpiadores y mejoradores de cetano.",Disponible
DFSK,K01,2016-2024,Minitruck,Filtros & Lubricantes,Aceite de Transmisión 75W-90 GL-5,aceite-transmision,"Aceite sintético para transmisiones manuales, diferenciales y cajas de transferencia.",Disponible
DFSK,K01,2016-2024,Minitruck,Filtros & Lubricantes,Desengrasantes Mecánicos,desengrasante,Desengrasante de alta potencia para limpieza de motor y componentes mecánicos.,Disponible
DFSK,K01,2016-2024,Minitruck,Suspensión & Dirección,Bandeja de Suspensión Delantera,bandeja-suspension,Bandejas de suspensión superior e inferior con bujes vulcanizados y rótula prensada.,Disponible
DFSK,K01,2016-2024,Minitruck,Suspensión & Dirección,Rótulas de Suspensión Reforzadas,rotula,Rótulas de acero forjado con guardapolvo de poliuretano.,Disponible
DFSK,K01,2016-2024,Minitruck,Suspensión & Dirección,Terminales y Axiales de Dirección,terminal-direccion,Terminales exteriores e interiores con rosca de precisión milimétrica.,Disponible
DFSK,K01,2016-2024,Minitruck,Suspensión & Dirección,Cremallera de Dirección Hidráulica,cremallera,Cremalleras de dirección hidráulica y electroasistida completas.,Disponible
DFSK,K01,2016-2024,Minitruck,Suspensión & Dirección,Amortiguadores Delanteros y Traseros,amortiguador,Amortiguadores a gas nitrógeno bitubo de respuesta progresiva.,Disponible
DFSK,K01,2016-2024,Minitruck,Embrague & Transmisión,Kit de Embrague Reforzado,kit-embrague,Kit de embrague completo con prensa de diafragma templado y disco orgánico.,Disponible
DFSK,K01,2016-2024,Minitruck,Embrague & Transmisión,Disco de Embrague de Repuesto,disco-embrague,Disco de embrague con forro de alta fricción y resortes amortiguadores dobles.,Disponible
DFSK,K01,2016-2024,Minitruck,Embrague & Transmisión,Rodamiento de Empuje / Collarín Hidráulico,rodamiento-empuje,Rodamiento de empuje mecánico y collarines hidráulicos concéntricos.,Disponible
DFSK,K01,2016-2024,Minitruck,Embrague & Transmisión,Cruceta de Cardán y Transmisión,cruceta-cardan,Crucetas de cardán con grasera de engrase y sellos laberinto de triple labio.,Disponible
DFSK,K01,2016-2024,Minitruck,Frenos,Pastillas de Freno Cerámicas Delanteras,pastillas-freno,Pastillas de formulación cerámica de bajo polvo y alto coeficiente de fricción.,Disponible
DFSK,K01,2016-2024,Minitruck,Frenos,Discos de Freno Ventilados,discos-freno,Discos de freno ventilados con aleación de alto contenido de carbono.,Disponible
DFSK,K01,2016-2024,Minitruck,Frenos,Bombas de Freno,bomba-freno,Cilindro maestro de freno de doble circuito con depósito de líquido.,Disponible
DFSK,K01,2016-2024,Minitruck,Frenos,Balatas de Freno,balatas-freno,Juegos de zapatas de freno traseras con forro de alta resistencia al calor.,Disponible
DFSK,K01,2016-2024,Minitruck,Frenos,Tambores de Freno,tambor-freno,Tambores traseros de fundición gris equilibrados dinámicamente.,Disponible
DFSK,K01,2016-2024,Minitruck,Frenos,Cilindro de Rueda / Freno Trasero,cilindro-freno,Cilindros receptores traseros con pistones de aluminio anodizado.,Disponible
DFSK,K01,2016-2024,Minitruck,Carrocería & Eléctrico,Ópticos y Focos,opticos-focos,Faros delanteros ópticos principales y focos traseros de alta durabilidad.,Disponible
DFSK,K01,2016-2024,Minitruck,Carrocería & Eléctrico,Kit de Ampolletas Halógenas / LED,ampolletas,"Ampolletas H4, H7, H11 en tecnología halógena de alto rendimiento y LED Canbus.",Disponible
DFSK,K01,2016-2024,Minitruck,Carrocería & Eléctrico,Alternador de Alto Amperaje,alternador,Alternadores de 110A a 150A con regulador electrónico incorporado.,Disponible
DFSK,K01,2016-2024,Minitruck,Carrocería & Eléctrico,Motor de Partida / Arranque Reforzado,motor-partida,Motores de arranque con sistema de reducción planetaria de alto torque.,Disponible
DFSK,K01,2016-2024,Minitruck,Carrocería & Eléctrico,Sensor de Velocidad ABS,sensor-abs,Sensores de velocidad de rueda ABS de alta precisión magnética.,Disponible
SsangYong,Actyon Sports,2012-2022,Pickup 4x4 / 4x2,Motor & Distribución,Kit de Distribución Completo,kit-distribucion,"Kit completo con correa o cadena dentada de alta resistencia, tensores automáticos y poleas de guía.",Disponible
SsangYong,Actyon Sports,2012-2022,Pickup 4x4 / 4x2,Motor & Distribución,Bomba de Agua Refrigeración,bomba-agua,Bomba de agua con rodamiento sellado y sellos cerámicos de alta eficiencia.,Disponible
SsangYong,Actyon Sports,2012-2022,Pickup 4x4 / 4x2,Motor & Distribución,Empaquetaduras de Motor,empaquetaduras,"Juegos de empaquetaduras de culata multilámina, múltiple de admisión/escape y tapa de válvulas.",Disponible
SsangYong,Actyon Sports,2012-2022,Pickup 4x4 / 4x2,Motor & Distribución,Correa de Accesorios Poly-V,correa-accesorios,"Correas Poly-V estriadas de alta durabilidad para alternador, bomba de dirección y compresor A/C.",Disponible
SsangYong,Actyon Sports,2012-2022,Pickup 4x4 / 4x2,Motor & Distribución,Tensor de Correa Automático,tensor-correa,Tensor automático con amortiguación hidráulica interna y polea termoplástica.,Disponible
SsangYong,Actyon Sports,2012-2022,Pickup 4x4 / 4x2,Motor & Distribución,Polea de Guía y Desvío,polea-guia,Poleas locas y de desvío con rodamientos sellados de doble hilera de bolas.,Disponible
SsangYong,Actyon Sports,2012-2022,Pickup 4x4 / 4x2,Filtros & Lubricantes,Filtro de Aceite Blindado,filtro-aceite,Filtro de aceite con válvula antidrenaje y papel filtrante de microfibra sintética.,Disponible
SsangYong,Actyon Sports,2012-2022,Pickup 4x4 / 4x2,Filtros & Lubricantes,Filtro de Aire Motor,filtro-aire,Filtro de aire con plisado de alta densidad para máxima retención de partículas.,Disponible
SsangYong,Actyon Sports,2012-2022,Pickup 4x4 / 4x2,Filtros & Lubricantes,Filtro de Petróleo / Diésel,filtro-petroleo,Filtro de combustible con separador de agua para sistemas common rail.,Disponible
SsangYong,Actyon Sports,2012-2022,Pickup 4x4 / 4x2,Filtros & Lubricantes,Filtro de Polen / Habitáculo,filtro-habitaculo,Filtro de polen con capa de carbón activado antibacteriano.,Disponible
SsangYong,Actyon Sports,2012-2022,Pickup 4x4 / 4x2,Filtros & Lubricantes,Aceites de Motor 5W-30 / 5W-40,aceite-5w30,Aceite de motor 100% sintético con especificación ACEA C2/C3 para motores con DPF.,Disponible
SsangYong,Actyon Sports,2012-2022,Pickup 4x4 / 4x2,Filtros & Lubricantes,Refrigerantes 50/50 OAT,refrigerantes,Líquido refrigerante / anticongelante de larga duración orgánico premezclado.,Disponible
SsangYong,Actyon Sports,2012-2022,Pickup 4x4 / 4x2,Filtros & Lubricantes,Aditivos para Diésel y Motor,aditivos,"Tratamientos para sistema de inyección diésel, limpiadores y mejoradores de cetano.",Disponible
SsangYong,Actyon Sports,2012-2022,Pickup 4x4 / 4x2,Filtros & Lubricantes,Aceite de Transmisión 75W-90 GL-5,aceite-transmision,"Aceite sintético para transmisiones manuales, diferenciales y cajas de transferencia.",Disponible
SsangYong,Actyon Sports,2012-2022,Pickup 4x4 / 4x2,Filtros & Lubricantes,Desengrasantes Mecánicos,desengrasante,Desengrasante de alta potencia para limpieza de motor y componentes mecánicos.,Disponible
SsangYong,Actyon Sports,2012-2022,Pickup 4x4 / 4x2,Suspensión & Dirección,Bandeja de Suspensión Delantera,bandeja-suspension,Bandejas de suspensión superior e inferior con bujes vulcanizados y rótula prensada.,Disponible
SsangYong,Actyon Sports,2012-2022,Pickup 4x4 / 4x2,Suspensión & Dirección,Rótulas de Suspensión Reforzadas,rotula,Rótulas de acero forjado con guardapolvo de poliuretano.,Disponible
SsangYong,Actyon Sports,2012-2022,Pickup 4x4 / 4x2,Suspensión & Dirección,Terminales y Axiales de Dirección,terminal-direccion,Terminales exteriores e interiores con rosca de precisión milimétrica.,Disponible
SsangYong,Actyon Sports,2012-2022,Pickup 4x4 / 4x2,Suspensión & Dirección,Cremallera de Dirección Hidráulica,cremallera,Cremalleras de dirección hidráulica y electroasistida completas.,Disponible
SsangYong,Actyon Sports,2012-2022,Pickup 4x4 / 4x2,Suspensión & Dirección,Amortiguadores Delanteros y Traseros,amortiguador,Amortiguadores a gas nitrógeno bitubo de respuesta progresiva.,Disponible
SsangYong,Actyon Sports,2012-2022,Pickup 4x4 / 4x2,Embrague & Transmisión,Kit de Embrague Reforzado,kit-embrague,Kit de embrague completo con prensa de diafragma templado y disco orgánico.,Disponible
SsangYong,Actyon Sports,2012-2022,Pickup 4x4 / 4x2,Embrague & Transmisión,Disco de Embrague de Repuesto,disco-embrague,Disco de embrague con forro de alta fricción y resortes amortiguadores dobles.,Disponible
SsangYong,Actyon Sports,2012-2022,Pickup 4x4 / 4x2,Embrague & Transmisión,Rodamiento de Empuje / Collarín Hidráulico,rodamiento-empuje,Rodamiento de empuje mecánico y collarines hidráulicos concéntricos.,Disponible
SsangYong,Actyon Sports,2012-2022,Pickup 4x4 / 4x2,Embrague & Transmisión,Cruceta de Cardán y Transmisión,cruceta-cardan,Crucetas de cardán con grasera de engrase y sellos laberinto de triple labio.,Disponible
SsangYong,Actyon Sports,2012-2022,Pickup 4x4 / 4x2,Frenos,Pastillas de Freno Cerámicas Delanteras,pastillas-freno,Pastillas de formulación cerámica de bajo polvo y alto coeficiente de fricción.,Disponible
SsangYong,Actyon Sports,2012-2022,Pickup 4x4 / 4x2,Frenos,Discos de Freno Ventilados,discos-freno,Discos de freno ventilados con aleación de alto contenido de carbono.,Disponible
SsangYong,Actyon Sports,2012-2022,Pickup 4x4 / 4x2,Frenos,Bombas de Freno,bomba-freno,Cilindro maestro de freno de doble circuito con depósito de líquido.,Disponible
SsangYong,Actyon Sports,2012-2022,Pickup 4x4 / 4x2,Frenos,Balatas de Freno,balatas-freno,Juegos de zapatas de freno traseras con forro de alta resistencia al calor.,Disponible
SsangYong,Actyon Sports,2012-2022,Pickup 4x4 / 4x2,Frenos,Tambores de Freno,tambor-freno,Tambores traseros de fundición gris equilibrados dinámicamente.,Disponible
SsangYong,Actyon Sports,2012-2022,Pickup 4x4 / 4x2,Frenos,Cilindro de Rueda / Freno Trasero,cilindro-freno,Cilindros receptores traseros con pistones de aluminio anodizado.,Disponible
SsangYong,Actyon Sports,2012-2022,Pickup 4x4 / 4x2,Carrocería & Eléctrico,Ópticos y Focos,opticos-focos,Faros delanteros ópticos principales y focos traseros de alta durabilidad.,Disponible
SsangYong,Actyon Sports,2012-2022,Pickup 4x4 / 4x2,Carrocería & Eléctrico,Kit de Ampolletas Halógenas / LED,ampolletas,"Ampolletas H4, H7, H11 en tecnología halógena de alto rendimiento y LED Canbus.",Disponible
SsangYong,Actyon Sports,2012-2022,Pickup 4x4 / 4x2,Carrocería & Eléctrico,Alternador de Alto Amperaje,alternador,Alternadores de 110A a 150A con regulador electrónico incorporado.,Disponible
SsangYong,Actyon Sports,2012-2022,Pickup 4x4 / 4x2,Carrocería & Eléctrico,Motor de Partida / Arranque Reforzado,motor-partida,Motores de arranque con sistema de reducción planetaria de alto torque.,Disponible
SsangYong,Actyon Sports,2012-2022,Pickup 4x4 / 4x2,Carrocería & Eléctrico,Sensor de Velocidad ABS,sensor-abs,Sensores de velocidad de rueda ABS de alta precisión magnética.,Disponible
SsangYong,Musso,2018-2024,Pickup 4x4 / 4x2,Motor & Distribución,Kit de Distribución Completo,kit-distribucion,"Kit completo con correa o cadena dentada de alta resistencia, tensores automáticos y poleas de guía.",Disponible
SsangYong,Musso,2018-2024,Pickup 4x4 / 4x2,Motor & Distribución,Bomba de Agua Refrigeración,bomba-agua,Bomba de agua con rodamiento sellado y sellos cerámicos de alta eficiencia.,Disponible
SsangYong,Musso,2018-2024,Pickup 4x4 / 4x2,Motor & Distribución,Empaquetaduras de Motor,empaquetaduras,"Juegos de empaquetaduras de culata multilámina, múltiple de admisión/escape y tapa de válvulas.",Disponible
SsangYong,Musso,2018-2024,Pickup 4x4 / 4x2,Motor & Distribución,Correa de Accesorios Poly-V,correa-accesorios,"Correas Poly-V estriadas de alta durabilidad para alternador, bomba de dirección y compresor A/C.",Disponible
SsangYong,Musso,2018-2024,Pickup 4x4 / 4x2,Motor & Distribución,Tensor de Correa Automático,tensor-correa,Tensor automático con amortiguación hidráulica interna y polea termoplástica.,Disponible
SsangYong,Musso,2018-2024,Pickup 4x4 / 4x2,Motor & Distribución,Polea de Guía y Desvío,polea-guia,Poleas locas y de desvío con rodamientos sellados de doble hilera de bolas.,Disponible
SsangYong,Musso,2018-2024,Pickup 4x4 / 4x2,Filtros & Lubricantes,Filtro de Aceite Blindado,filtro-aceite,Filtro de aceite con válvula antidrenaje y papel filtrante de microfibra sintética.,Disponible
SsangYong,Musso,2018-2024,Pickup 4x4 / 4x2,Filtros & Lubricantes,Filtro de Aire Motor,filtro-aire,Filtro de aire con plisado de alta densidad para máxima retención de partículas.,Disponible
SsangYong,Musso,2018-2024,Pickup 4x4 / 4x2,Filtros & Lubricantes,Filtro de Petróleo / Diésel,filtro-petroleo,Filtro de combustible con separador de agua para sistemas common rail.,Disponible
SsangYong,Musso,2018-2024,Pickup 4x4 / 4x2,Filtros & Lubricantes,Filtro de Polen / Habitáculo,filtro-habitaculo,Filtro de polen con capa de carbón activado antibacteriano.,Disponible
SsangYong,Musso,2018-2024,Pickup 4x4 / 4x2,Filtros & Lubricantes,Aceites de Motor 5W-30 / 5W-40,aceite-5w30,Aceite de motor 100% sintético con especificación ACEA C2/C3 para motores con DPF.,Disponible
SsangYong,Musso,2018-2024,Pickup 4x4 / 4x2,Filtros & Lubricantes,Refrigerantes 50/50 OAT,refrigerantes,Líquido refrigerante / anticongelante de larga duración orgánico premezclado.,Disponible
SsangYong,Musso,2018-2024,Pickup 4x4 / 4x2,Filtros & Lubricantes,Aditivos para Diésel y Motor,aditivos,"Tratamientos para sistema de inyección diésel, limpiadores y mejoradores de cetano.",Disponible
SsangYong,Musso,2018-2024,Pickup 4x4 / 4x2,Filtros & Lubricantes,Aceite de Transmisión 75W-90 GL-5,aceite-transmision,"Aceite sintético para transmisiones manuales, diferenciales y cajas de transferencia.",Disponible
SsangYong,Musso,2018-2024,Pickup 4x4 / 4x2,Filtros & Lubricantes,Desengrasantes Mecánicos,desengrasante,Desengrasante de alta potencia para limpieza de motor y componentes mecánicos.,Disponible
SsangYong,Musso,2018-2024,Pickup 4x4 / 4x2,Suspensión & Dirección,Bandeja de Suspensión Delantera,bandeja-suspension,Bandejas de suspensión superior e inferior con bujes vulcanizados y rótula prensada.,Disponible
SsangYong,Musso,2018-2024,Pickup 4x4 / 4x2,Suspensión & Dirección,Rótulas de Suspensión Reforzadas,rotula,Rótulas de acero forjado con guardapolvo de poliuretano.,Disponible
SsangYong,Musso,2018-2024,Pickup 4x4 / 4x2,Suspensión & Dirección,Terminales y Axiales de Dirección,terminal-direccion,Terminales exteriores e interiores con rosca de precisión milimétrica.,Disponible
SsangYong,Musso,2018-2024,Pickup 4x4 / 4x2,Suspensión & Dirección,Cremallera de Dirección Hidráulica,cremallera,Cremalleras de dirección hidráulica y electroasistida completas.,Disponible
SsangYong,Musso,2018-2024,Pickup 4x4 / 4x2,Suspensión & Dirección,Amortiguadores Delanteros y Traseros,amortiguador,Amortiguadores a gas nitrógeno bitubo de respuesta progresiva.,Disponible
SsangYong,Musso,2018-2024,Pickup 4x4 / 4x2,Embrague & Transmisión,Kit de Embrague Reforzado,kit-embrague,Kit de embrague completo con prensa de diafragma templado y disco orgánico.,Disponible
SsangYong,Musso,2018-2024,Pickup 4x4 / 4x2,Embrague & Transmisión,Disco de Embrague de Repuesto,disco-embrague,Disco de embrague con forro de alta fricción y resortes amortiguadores dobles.,Disponible
SsangYong,Musso,2018-2024,Pickup 4x4 / 4x2,Embrague & Transmisión,Rodamiento de Empuje / Collarín Hidráulico,rodamiento-empuje,Rodamiento de empuje mecánico y collarines hidráulicos concéntricos.,Disponible
SsangYong,Musso,2018-2024,Pickup 4x4 / 4x2,Embrague & Transmisión,Cruceta de Cardán y Transmisión,cruceta-cardan,Crucetas de cardán con grasera de engrase y sellos laberinto de triple labio.,Disponible
SsangYong,Musso,2018-2024,Pickup 4x4 / 4x2,Frenos,Pastillas de Freno Cerámicas Delanteras,pastillas-freno,Pastillas de formulación cerámica de bajo polvo y alto coeficiente de fricción.,Disponible
SsangYong,Musso,2018-2024,Pickup 4x4 / 4x2,Frenos,Discos de Freno Ventilados,discos-freno,Discos de freno ventilados con aleación de alto contenido de carbono.,Disponible
SsangYong,Musso,2018-2024,Pickup 4x4 / 4x2,Frenos,Bombas de Freno,bomba-freno,Cilindro maestro de freno de doble circuito con depósito de líquido.,Disponible
SsangYong,Musso,2018-2024,Pickup 4x4 / 4x2,Frenos,Balatas de Freno,balatas-freno,Juegos de zapatas de freno traseras con forro de alta resistencia al calor.,Disponible
SsangYong,Musso,2018-2024,Pickup 4x4 / 4x2,Frenos,Tambores de Freno,tambor-freno,Tambores traseros de fundición gris equilibrados dinámicamente.,Disponible
SsangYong,Musso,2018-2024,Pickup 4x4 / 4x2,Frenos,Cilindro de Rueda / Freno Trasero,cilindro-freno,Cilindros receptores traseros con pistones de aluminio anodizado.,Disponible
SsangYong,Musso,2018-2024,Pickup 4x4 / 4x2,Carrocería & Eléctrico,Ópticos y Focos,opticos-focos,Faros delanteros ópticos principales y focos traseros de alta durabilidad.,Disponible
SsangYong,Musso,2018-2024,Pickup 4x4 / 4x2,Carrocería & Eléctrico,Kit de Ampolletas Halógenas / LED,ampolletas,"Ampolletas H4, H7, H11 en tecnología halógena de alto rendimiento y LED Canbus.",Disponible
SsangYong,Musso,2018-2024,Pickup 4x4 / 4x2,Carrocería & Eléctrico,Alternador de Alto Amperaje,alternador,Alternadores de 110A a 150A con regulador electrónico incorporado.,Disponible
SsangYong,Musso,2018-2024,Pickup 4x4 / 4x2,Carrocería & Eléctrico,Motor de Partida / Arranque Reforzado,motor-partida,Motores de arranque con sistema de reducción planetaria de alto torque.,Disponible
SsangYong,Musso,2018-2024,Pickup 4x4 / 4x2,Carrocería & Eléctrico,Sensor de Velocidad ABS,sensor-abs,Sensores de velocidad de rueda ABS de alta precisión magnética.,Disponible
SsangYong,Musso Grand,2020-2024,Pickup 4x4 / 4x2,Motor & Distribución,Kit de Distribución Completo,kit-distribucion,"Kit completo con correa o cadena dentada de alta resistencia, tensores automáticos y poleas de guía.",Disponible
SsangYong,Musso Grand,2020-2024,Pickup 4x4 / 4x2,Motor & Distribución,Bomba de Agua Refrigeración,bomba-agua,Bomba de agua con rodamiento sellado y sellos cerámicos de alta eficiencia.,Disponible
SsangYong,Musso Grand,2020-2024,Pickup 4x4 / 4x2,Motor & Distribución,Empaquetaduras de Motor,empaquetaduras,"Juegos de empaquetaduras de culata multilámina, múltiple de admisión/escape y tapa de válvulas.",Disponible
SsangYong,Musso Grand,2020-2024,Pickup 4x4 / 4x2,Motor & Distribución,Correa de Accesorios Poly-V,correa-accesorios,"Correas Poly-V estriadas de alta durabilidad para alternador, bomba de dirección y compresor A/C.",Disponible
SsangYong,Musso Grand,2020-2024,Pickup 4x4 / 4x2,Motor & Distribución,Tensor de Correa Automático,tensor-correa,Tensor automático con amortiguación hidráulica interna y polea termoplástica.,Disponible
SsangYong,Musso Grand,2020-2024,Pickup 4x4 / 4x2,Motor & Distribución,Polea de Guía y Desvío,polea-guia,Poleas locas y de desvío con rodamientos sellados de doble hilera de bolas.,Disponible
SsangYong,Musso Grand,2020-2024,Pickup 4x4 / 4x2,Filtros & Lubricantes,Filtro de Aceite Blindado,filtro-aceite,Filtro de aceite con válvula antidrenaje y papel filtrante de microfibra sintética.,Disponible
SsangYong,Musso Grand,2020-2024,Pickup 4x4 / 4x2,Filtros & Lubricantes,Filtro de Aire Motor,filtro-aire,Filtro de aire con plisado de alta densidad para máxima retención de partículas.,Disponible
SsangYong,Musso Grand,2020-2024,Pickup 4x4 / 4x2,Filtros & Lubricantes,Filtro de Petróleo / Diésel,filtro-petroleo,Filtro de combustible con separador de agua para sistemas common rail.,Disponible
SsangYong,Musso Grand,2020-2024,Pickup 4x4 / 4x2,Filtros & Lubricantes,Filtro de Polen / Habitáculo,filtro-habitaculo,Filtro de polen con capa de carbón activado antibacteriano.,Disponible
SsangYong,Musso Grand,2020-2024,Pickup 4x4 / 4x2,Filtros & Lubricantes,Aceites de Motor 5W-30 / 5W-40,aceite-5w30,Aceite de motor 100% sintético con especificación ACEA C2/C3 para motores con DPF.,Disponible
SsangYong,Musso Grand,2020-2024,Pickup 4x4 / 4x2,Filtros & Lubricantes,Refrigerantes 50/50 OAT,refrigerantes,Líquido refrigerante / anticongelante de larga duración orgánico premezclado.,Disponible
SsangYong,Musso Grand,2020-2024,Pickup 4x4 / 4x2,Filtros & Lubricantes,Aditivos para Diésel y Motor,aditivos,"Tratamientos para sistema de inyección diésel, limpiadores y mejoradores de cetano.",Disponible
SsangYong,Musso Grand,2020-2024,Pickup 4x4 / 4x2,Filtros & Lubricantes,Aceite de Transmisión 75W-90 GL-5,aceite-transmision,"Aceite sintético para transmisiones manuales, diferenciales y cajas de transferencia.",Disponible
SsangYong,Musso Grand,2020-2024,Pickup 4x4 / 4x2,Filtros & Lubricantes,Desengrasantes Mecánicos,desengrasante,Desengrasante de alta potencia para limpieza de motor y componentes mecánicos.,Disponible
SsangYong,Musso Grand,2020-2024,Pickup 4x4 / 4x2,Suspensión & Dirección,Bandeja de Suspensión Delantera,bandeja-suspension,Bandejas de suspensión superior e inferior con bujes vulcanizados y rótula prensada.,Disponible
SsangYong,Musso Grand,2020-2024,Pickup 4x4 / 4x2,Suspensión & Dirección,Rótulas de Suspensión Reforzadas,rotula,Rótulas de acero forjado con guardapolvo de poliuretano.,Disponible
SsangYong,Musso Grand,2020-2024,Pickup 4x4 / 4x2,Suspensión & Dirección,Terminales y Axiales de Dirección,terminal-direccion,Terminales exteriores e interiores con rosca de precisión milimétrica.,Disponible
SsangYong,Musso Grand,2020-2024,Pickup 4x4 / 4x2,Suspensión & Dirección,Cremallera de Dirección Hidráulica,cremallera,Cremalleras de dirección hidráulica y electroasistida completas.,Disponible
SsangYong,Musso Grand,2020-2024,Pickup 4x4 / 4x2,Suspensión & Dirección,Amortiguadores Delanteros y Traseros,amortiguador,Amortiguadores a gas nitrógeno bitubo de respuesta progresiva.,Disponible
SsangYong,Musso Grand,2020-2024,Pickup 4x4 / 4x2,Embrague & Transmisión,Kit de Embrague Reforzado,kit-embrague,Kit de embrague completo con prensa de diafragma templado y disco orgánico.,Disponible
SsangYong,Musso Grand,2020-2024,Pickup 4x4 / 4x2,Embrague & Transmisión,Disco de Embrague de Repuesto,disco-embrague,Disco de embrague con forro de alta fricción y resortes amortiguadores dobles.,Disponible
SsangYong,Musso Grand,2020-2024,Pickup 4x4 / 4x2,Embrague & Transmisión,Rodamiento de Empuje / Collarín Hidráulico,rodamiento-empuje,Rodamiento de empuje mecánico y collarines hidráulicos concéntricos.,Disponible
SsangYong,Musso Grand,2020-2024,Pickup 4x4 / 4x2,Embrague & Transmisión,Cruceta de Cardán y Transmisión,cruceta-cardan,Crucetas de cardán con grasera de engrase y sellos laberinto de triple labio.,Disponible
SsangYong,Musso Grand,2020-2024,Pickup 4x4 / 4x2,Frenos,Pastillas de Freno Cerámicas Delanteras,pastillas-freno,Pastillas de formulación cerámica de bajo polvo y alto coeficiente de fricción.,Disponible
SsangYong,Musso Grand,2020-2024,Pickup 4x4 / 4x2,Frenos,Discos de Freno Ventilados,discos-freno,Discos de freno ventilados con aleación de alto contenido de carbono.,Disponible
SsangYong,Musso Grand,2020-2024,Pickup 4x4 / 4x2,Frenos,Bombas de Freno,bomba-freno,Cilindro maestro de freno de doble circuito con depósito de líquido.,Disponible
SsangYong,Musso Grand,2020-2024,Pickup 4x4 / 4x2,Frenos,Balatas de Freno,balatas-freno,Juegos de zapatas de freno traseras con forro de alta resistencia al calor.,Disponible
SsangYong,Musso Grand,2020-2024,Pickup 4x4 / 4x2,Frenos,Tambores de Freno,tambor-freno,Tambores traseros de fundición gris equilibrados dinámicamente.,Disponible
SsangYong,Musso Grand,2020-2024,Pickup 4x4 / 4x2,Frenos,Cilindro de Rueda / Freno Trasero,cilindro-freno,Cilindros receptores traseros con pistones de aluminio anodizado.,Disponible
SsangYong,Musso Grand,2020-2024,Pickup 4x4 / 4x2,Carrocería & Eléctrico,Ópticos y Focos,opticos-focos,Faros delanteros ópticos principales y focos traseros de alta durabilidad.,Disponible
SsangYong,Musso Grand,2020-2024,Pickup 4x4 / 4x2,Carrocería & Eléctrico,Kit de Ampolletas Halógenas / LED,ampolletas,"Ampolletas H4, H7, H11 en tecnología halógena de alto rendimiento y LED Canbus.",Disponible
SsangYong,Musso Grand,2020-2024,Pickup 4x4 / 4x2,Carrocería & Eléctrico,Alternador de Alto Amperaje,alternador,Alternadores de 110A a 150A con regulador electrónico incorporado.,Disponible
SsangYong,Musso Grand,2020-2024,Pickup 4x4 / 4x2,Carrocería & Eléctrico,Motor de Partida / Arranque Reforzado,motor-partida,Motores de arranque con sistema de reducción planetaria de alto torque.,Disponible
SsangYong,Musso Grand,2020-2024,Pickup 4x4 / 4x2,Carrocería & Eléctrico,Sensor de Velocidad ABS,sensor-abs,Sensores de velocidad de rueda ABS de alta precisión magnética.,Disponible
SsangYong,Rexton,2018-2024,SUV 4x4,Motor & Distribución,Kit de Distribución Completo,kit-distribucion,"Kit completo con correa o cadena dentada de alta resistencia, tensores automáticos y poleas de guía.",Disponible
SsangYong,Rexton,2018-2024,SUV 4x4,Motor & Distribución,Bomba de Agua Refrigeración,bomba-agua,Bomba de agua con rodamiento sellado y sellos cerámicos de alta eficiencia.,Disponible
SsangYong,Rexton,2018-2024,SUV 4x4,Motor & Distribución,Empaquetaduras de Motor,empaquetaduras,"Juegos de empaquetaduras de culata multilámina, múltiple de admisión/escape y tapa de válvulas.",Disponible
SsangYong,Rexton,2018-2024,SUV 4x4,Motor & Distribución,Correa de Accesorios Poly-V,correa-accesorios,"Correas Poly-V estriadas de alta durabilidad para alternador, bomba de dirección y compresor A/C.",Disponible
SsangYong,Rexton,2018-2024,SUV 4x4,Motor & Distribución,Tensor de Correa Automático,tensor-correa,Tensor automático con amortiguación hidráulica interna y polea termoplástica.,Disponible
SsangYong,Rexton,2018-2024,SUV 4x4,Motor & Distribución,Polea de Guía y Desvío,polea-guia,Poleas locas y de desvío con rodamientos sellados de doble hilera de bolas.,Disponible
SsangYong,Rexton,2018-2024,SUV 4x4,Filtros & Lubricantes,Filtro de Aceite Blindado,filtro-aceite,Filtro de aceite con válvula antidrenaje y papel filtrante de microfibra sintética.,Disponible
SsangYong,Rexton,2018-2024,SUV 4x4,Filtros & Lubricantes,Filtro de Aire Motor,filtro-aire,Filtro de aire con plisado de alta densidad para máxima retención de partículas.,Disponible
SsangYong,Rexton,2018-2024,SUV 4x4,Filtros & Lubricantes,Filtro de Petróleo / Diésel,filtro-petroleo,Filtro de combustible con separador de agua para sistemas common rail.,Disponible
SsangYong,Rexton,2018-2024,SUV 4x4,Filtros & Lubricantes,Filtro de Polen / Habitáculo,filtro-habitaculo,Filtro de polen con capa de carbón activado antibacteriano.,Disponible
SsangYong,Rexton,2018-2024,SUV 4x4,Filtros & Lubricantes,Aceites de Motor 5W-30 / 5W-40,aceite-5w30,Aceite de motor 100% sintético con especificación ACEA C2/C3 para motores con DPF.,Disponible
SsangYong,Rexton,2018-2024,SUV 4x4,Filtros & Lubricantes,Refrigerantes 50/50 OAT,refrigerantes,Líquido refrigerante / anticongelante de larga duración orgánico premezclado.,Disponible
SsangYong,Rexton,2018-2024,SUV 4x4,Filtros & Lubricantes,Aditivos para Diésel y Motor,aditivos,"Tratamientos para sistema de inyección diésel, limpiadores y mejoradores de cetano.",Disponible
SsangYong,Rexton,2018-2024,SUV 4x4,Filtros & Lubricantes,Aceite de Transmisión 75W-90 GL-5,aceite-transmision,"Aceite sintético para transmisiones manuales, diferenciales y cajas de transferencia.",Disponible
SsangYong,Rexton,2018-2024,SUV 4x4,Filtros & Lubricantes,Desengrasantes Mecánicos,desengrasante,Desengrasante de alta potencia para limpieza de motor y componentes mecánicos.,Disponible
SsangYong,Rexton,2018-2024,SUV 4x4,Suspensión & Dirección,Bandeja de Suspensión Delantera,bandeja-suspension,Bandejas de suspensión superior e inferior con bujes vulcanizados y rótula prensada.,Disponible
SsangYong,Rexton,2018-2024,SUV 4x4,Suspensión & Dirección,Rótulas de Suspensión Reforzadas,rotula,Rótulas de acero forjado con guardapolvo de poliuretano.,Disponible
SsangYong,Rexton,2018-2024,SUV 4x4,Suspensión & Dirección,Terminales y Axiales de Dirección,terminal-direccion,Terminales exteriores e interiores con rosca de precisión milimétrica.,Disponible
SsangYong,Rexton,2018-2024,SUV 4x4,Suspensión & Dirección,Cremallera de Dirección Hidráulica,cremallera,Cremalleras de dirección hidráulica y electroasistida completas.,Disponible
SsangYong,Rexton,2018-2024,SUV 4x4,Suspensión & Dirección,Amortiguadores Delanteros y Traseros,amortiguador,Amortiguadores a gas nitrógeno bitubo de respuesta progresiva.,Disponible
SsangYong,Rexton,2018-2024,SUV 4x4,Embrague & Transmisión,Kit de Embrague Reforzado,kit-embrague,Kit de embrague completo con prensa de diafragma templado y disco orgánico.,Disponible
SsangYong,Rexton,2018-2024,SUV 4x4,Embrague & Transmisión,Disco de Embrague de Repuesto,disco-embrague,Disco de embrague con forro de alta fricción y resortes amortiguadores dobles.,Disponible
SsangYong,Rexton,2018-2024,SUV 4x4,Embrague & Transmisión,Rodamiento de Empuje / Collarín Hidráulico,rodamiento-empuje,Rodamiento de empuje mecánico y collarines hidráulicos concéntricos.,Disponible
SsangYong,Rexton,2018-2024,SUV 4x4,Embrague & Transmisión,Cruceta de Cardán y Transmisión,cruceta-cardan,Crucetas de cardán con grasera de engrase y sellos laberinto de triple labio.,Disponible
SsangYong,Rexton,2018-2024,SUV 4x4,Frenos,Pastillas de Freno Cerámicas Delanteras,pastillas-freno,Pastillas de formulación cerámica de bajo polvo y alto coeficiente de fricción.,Disponible
SsangYong,Rexton,2018-2024,SUV 4x4,Frenos,Discos de Freno Ventilados,discos-freno,Discos de freno ventilados con aleación de alto contenido de carbono.,Disponible
SsangYong,Rexton,2018-2024,SUV 4x4,Frenos,Bombas de Freno,bomba-freno,Cilindro maestro de freno de doble circuito con depósito de líquido.,Disponible
SsangYong,Rexton,2018-2024,SUV 4x4,Frenos,Balatas de Freno,balatas-freno,Juegos de zapatas de freno traseras con forro de alta resistencia al calor.,Disponible
SsangYong,Rexton,2018-2024,SUV 4x4,Frenos,Tambores de Freno,tambor-freno,Tambores traseros de fundición gris equilibrados dinámicamente.,Disponible
SsangYong,Rexton,2018-2024,SUV 4x4,Frenos,Cilindro de Rueda / Freno Trasero,cilindro-freno,Cilindros receptores traseros con pistones de aluminio anodizado.,Disponible
SsangYong,Rexton,2018-2024,SUV 4x4,Carrocería & Eléctrico,Ópticos y Focos,opticos-focos,Faros delanteros ópticos principales y focos traseros de alta durabilidad.,Disponible
SsangYong,Rexton,2018-2024,SUV 4x4,Carrocería & Eléctrico,Kit de Ampolletas Halógenas / LED,ampolletas,"Ampolletas H4, H7, H11 en tecnología halógena de alto rendimiento y LED Canbus.",Disponible
SsangYong,Rexton,2018-2024,SUV 4x4,Carrocería & Eléctrico,Alternador de Alto Amperaje,alternador,Alternadores de 110A a 150A con regulador electrónico incorporado.,Disponible
SsangYong,Rexton,2018-2024,SUV 4x4,Carrocería & Eléctrico,Motor de Partida / Arranque Reforzado,motor-partida,Motores de arranque con sistema de reducción planetaria de alto torque.,Disponible
SsangYong,Rexton,2018-2024,SUV 4x4,Carrocería & Eléctrico,Sensor de Velocidad ABS,sensor-abs,Sensores de velocidad de rueda ABS de alta precisión magnética.,Disponible
Changan,Hunter,2021-2024,Pickup 4x4 / 4x2,Motor & Distribución,Kit de Distribución Completo,kit-distribucion,"Kit completo con correa o cadena dentada de alta resistencia, tensores automáticos y poleas de guía.",Disponible
Changan,Hunter,2021-2024,Pickup 4x4 / 4x2,Motor & Distribución,Bomba de Agua Refrigeración,bomba-agua,Bomba de agua con rodamiento sellado y sellos cerámicos de alta eficiencia.,Disponible
Changan,Hunter,2021-2024,Pickup 4x4 / 4x2,Motor & Distribución,Empaquetaduras de Motor,empaquetaduras,"Juegos de empaquetaduras de culata multilámina, múltiple de admisión/escape y tapa de válvulas.",Disponible
Changan,Hunter,2021-2024,Pickup 4x4 / 4x2,Motor & Distribución,Correa de Accesorios Poly-V,correa-accesorios,"Correas Poly-V estriadas de alta durabilidad para alternador, bomba de dirección y compresor A/C.",Disponible
Changan,Hunter,2021-2024,Pickup 4x4 / 4x2,Motor & Distribución,Tensor de Correa Automático,tensor-correa,Tensor automático con amortiguación hidráulica interna y polea termoplástica.,Disponible
Changan,Hunter,2021-2024,Pickup 4x4 / 4x2,Motor & Distribución,Polea de Guía y Desvío,polea-guia,Poleas locas y de desvío con rodamientos sellados de doble hilera de bolas.,Disponible
Changan,Hunter,2021-2024,Pickup 4x4 / 4x2,Filtros & Lubricantes,Filtro de Aceite Blindado,filtro-aceite,Filtro de aceite con válvula antidrenaje y papel filtrante de microfibra sintética.,Disponible
Changan,Hunter,2021-2024,Pickup 4x4 / 4x2,Filtros & Lubricantes,Filtro de Aire Motor,filtro-aire,Filtro de aire con plisado de alta densidad para máxima retención de partículas.,Disponible
Changan,Hunter,2021-2024,Pickup 4x4 / 4x2,Filtros & Lubricantes,Filtro de Petróleo / Diésel,filtro-petroleo,Filtro de combustible con separador de agua para sistemas common rail.,Disponible
Changan,Hunter,2021-2024,Pickup 4x4 / 4x2,Filtros & Lubricantes,Filtro de Polen / Habitáculo,filtro-habitaculo,Filtro de polen con capa de carbón activado antibacteriano.,Disponible
Changan,Hunter,2021-2024,Pickup 4x4 / 4x2,Filtros & Lubricantes,Aceites de Motor 5W-30 / 5W-40,aceite-5w30,Aceite de motor 100% sintético con especificación ACEA C2/C3 para motores con DPF.,Disponible
Changan,Hunter,2021-2024,Pickup 4x4 / 4x2,Filtros & Lubricantes,Refrigerantes 50/50 OAT,refrigerantes,Líquido refrigerante / anticongelante de larga duración orgánico premezclado.,Disponible
Changan,Hunter,2021-2024,Pickup 4x4 / 4x2,Filtros & Lubricantes,Aditivos para Diésel y Motor,aditivos,"Tratamientos para sistema de inyección diésel, limpiadores y mejoradores de cetano.",Disponible
Changan,Hunter,2021-2024,Pickup 4x4 / 4x2,Filtros & Lubricantes,Aceite de Transmisión 75W-90 GL-5,aceite-transmision,"Aceite sintético para transmisiones manuales, diferenciales y cajas de transferencia.",Disponible
Changan,Hunter,2021-2024,Pickup 4x4 / 4x2,Filtros & Lubricantes,Desengrasantes Mecánicos,desengrasante,Desengrasante de alta potencia para limpieza de motor y componentes mecánicos.,Disponible
Changan,Hunter,2021-2024,Pickup 4x4 / 4x2,Suspensión & Dirección,Bandeja de Suspensión Delantera,bandeja-suspension,Bandejas de suspensión superior e inferior con bujes vulcanizados y rótula prensada.,Disponible
Changan,Hunter,2021-2024,Pickup 4x4 / 4x2,Suspensión & Dirección,Rótulas de Suspensión Reforzadas,rotula,Rótulas de acero forjado con guardapolvo de poliuretano.,Disponible
Changan,Hunter,2021-2024,Pickup 4x4 / 4x2,Suspensión & Dirección,Terminales y Axiales de Dirección,terminal-direccion,Terminales exteriores e interiores con rosca de precisión milimétrica.,Disponible
Changan,Hunter,2021-2024,Pickup 4x4 / 4x2,Suspensión & Dirección,Cremallera de Dirección Hidráulica,cremallera,Cremalleras de dirección hidráulica y electroasistida completas.,Disponible
Changan,Hunter,2021-2024,Pickup 4x4 / 4x2,Suspensión & Dirección,Amortiguadores Delanteros y Traseros,amortiguador,Amortiguadores a gas nitrógeno bitubo de respuesta progresiva.,Disponible
Changan,Hunter,2021-2024,Pickup 4x4 / 4x2,Embrague & Transmisión,Kit de Embrague Reforzado,kit-embrague,Kit de embrague completo con prensa de diafragma templado y disco orgánico.,Disponible
Changan,Hunter,2021-2024,Pickup 4x4 / 4x2,Embrague & Transmisión,Disco de Embrague de Repuesto,disco-embrague,Disco de embrague con forro de alta fricción y resortes amortiguadores dobles.,Disponible
Changan,Hunter,2021-2024,Pickup 4x4 / 4x2,Embrague & Transmisión,Rodamiento de Empuje / Collarín Hidráulico,rodamiento-empuje,Rodamiento de empuje mecánico y collarines hidráulicos concéntricos.,Disponible
Changan,Hunter,2021-2024,Pickup 4x4 / 4x2,Embrague & Transmisión,Cruceta de Cardán y Transmisión,cruceta-cardan,Crucetas de cardán con grasera de engrase y sellos laberinto de triple labio.,Disponible
Changan,Hunter,2021-2024,Pickup 4x4 / 4x2,Frenos,Pastillas de Freno Cerámicas Delanteras,pastillas-freno,Pastillas de formulación cerámica de bajo polvo y alto coeficiente de fricción.,Disponible
Changan,Hunter,2021-2024,Pickup 4x4 / 4x2,Frenos,Discos de Freno Ventilados,discos-freno,Discos de freno ventilados con aleación de alto contenido de carbono.,Disponible
Changan,Hunter,2021-2024,Pickup 4x4 / 4x2,Frenos,Bombas de Freno,bomba-freno,Cilindro maestro de freno de doble circuito con depósito de líquido.,Disponible
Changan,Hunter,2021-2024,Pickup 4x4 / 4x2,Frenos,Balatas de Freno,balatas-freno,Juegos de zapatas de freno traseras con forro de alta resistencia al calor.,Disponible
Changan,Hunter,2021-2024,Pickup 4x4 / 4x2,Frenos,Tambores de Freno,tambor-freno,Tambores traseros de fundición gris equilibrados dinámicamente.,Disponible
Changan,Hunter,2021-2024,Pickup 4x4 / 4x2,Frenos,Cilindro de Rueda / Freno Trasero,cilindro-freno,Cilindros receptores traseros con pistones de aluminio anodizado.,Disponible
Changan,Hunter,2021-2024,Pickup 4x4 / 4x2,Carrocería & Eléctrico,Ópticos y Focos,opticos-focos,Faros delanteros ópticos principales y focos traseros de alta durabilidad.,Disponible
Changan,Hunter,2021-2024,Pickup 4x4 / 4x2,Carrocería & Eléctrico,Kit de Ampolletas Halógenas / LED,ampolletas,"Ampolletas H4, H7, H11 en tecnología halógena de alto rendimiento y LED Canbus.",Disponible
Changan,Hunter,2021-2024,Pickup 4x4 / 4x2,Carrocería & Eléctrico,Alternador de Alto Amperaje,alternador,Alternadores de 110A a 150A con regulador electrónico incorporado.,Disponible
Changan,Hunter,2021-2024,Pickup 4x4 / 4x2,Carrocería & Eléctrico,Motor de Partida / Arranque Reforzado,motor-partida,Motores de arranque con sistema de reducción planetaria de alto torque.,Disponible
Changan,Hunter,2021-2024,Pickup 4x4 / 4x2,Carrocería & Eléctrico,Sensor de Velocidad ABS,sensor-abs,Sensores de velocidad de rueda ABS de alta precisión magnética.,Disponible
Changan,Hunter Plus,2022-2024,Pickup 4x4,Motor & Distribución,Kit de Distribución Completo,kit-distribucion,"Kit completo con correa o cadena dentada de alta resistencia, tensores automáticos y poleas de guía.",Disponible
Changan,Hunter Plus,2022-2024,Pickup 4x4,Motor & Distribución,Bomba de Agua Refrigeración,bomba-agua,Bomba de agua con rodamiento sellado y sellos cerámicos de alta eficiencia.,Disponible
Changan,Hunter Plus,2022-2024,Pickup 4x4,Motor & Distribución,Empaquetaduras de Motor,empaquetaduras,"Juegos de empaquetaduras de culata multilámina, múltiple de admisión/escape y tapa de válvulas.",Disponible
Changan,Hunter Plus,2022-2024,Pickup 4x4,Motor & Distribución,Correa de Accesorios Poly-V,correa-accesorios,"Correas Poly-V estriadas de alta durabilidad para alternador, bomba de dirección y compresor A/C.",Disponible
Changan,Hunter Plus,2022-2024,Pickup 4x4,Motor & Distribución,Tensor de Correa Automático,tensor-correa,Tensor automático con amortiguación hidráulica interna y polea termoplástica.,Disponible
Changan,Hunter Plus,2022-2024,Pickup 4x4,Motor & Distribución,Polea de Guía y Desvío,polea-guia,Poleas locas y de desvío con rodamientos sellados de doble hilera de bolas.,Disponible
Changan,Hunter Plus,2022-2024,Pickup 4x4,Filtros & Lubricantes,Filtro de Aceite Blindado,filtro-aceite,Filtro de aceite con válvula antidrenaje y papel filtrante de microfibra sintética.,Disponible
Changan,Hunter Plus,2022-2024,Pickup 4x4,Filtros & Lubricantes,Filtro de Aire Motor,filtro-aire,Filtro de aire con plisado de alta densidad para máxima retención de partículas.,Disponible
Changan,Hunter Plus,2022-2024,Pickup 4x4,Filtros & Lubricantes,Filtro de Petróleo / Diésel,filtro-petroleo,Filtro de combustible con separador de agua para sistemas common rail.,Disponible
Changan,Hunter Plus,2022-2024,Pickup 4x4,Filtros & Lubricantes,Filtro de Polen / Habitáculo,filtro-habitaculo,Filtro de polen con capa de carbón activado antibacteriano.,Disponible
Changan,Hunter Plus,2022-2024,Pickup 4x4,Filtros & Lubricantes,Aceites de Motor 5W-30 / 5W-40,aceite-5w30,Aceite de motor 100% sintético con especificación ACEA C2/C3 para motores con DPF.,Disponible
Changan,Hunter Plus,2022-2024,Pickup 4x4,Filtros & Lubricantes,Refrigerantes 50/50 OAT,refrigerantes,Líquido refrigerante / anticongelante de larga duración orgánico premezclado.,Disponible
Changan,Hunter Plus,2022-2024,Pickup 4x4,Filtros & Lubricantes,Aditivos para Diésel y Motor,aditivos,"Tratamientos para sistema de inyección diésel, limpiadores y mejoradores de cetano.",Disponible
Changan,Hunter Plus,2022-2024,Pickup 4x4,Filtros & Lubricantes,Aceite de Transmisión 75W-90 GL-5,aceite-transmision,"Aceite sintético para transmisiones manuales, diferenciales y cajas de transferencia.",Disponible
Changan,Hunter Plus,2022-2024,Pickup 4x4,Filtros & Lubricantes,Desengrasantes Mecánicos,desengrasante,Desengrasante de alta potencia para limpieza de motor y componentes mecánicos.,Disponible
Changan,Hunter Plus,2022-2024,Pickup 4x4,Suspensión & Dirección,Bandeja de Suspensión Delantera,bandeja-suspension,Bandejas de suspensión superior e inferior con bujes vulcanizados y rótula prensada.,Disponible
Changan,Hunter Plus,2022-2024,Pickup 4x4,Suspensión & Dirección,Rótulas de Suspensión Reforzadas,rotula,Rótulas de acero forjado con guardapolvo de poliuretano.,Disponible
Changan,Hunter Plus,2022-2024,Pickup 4x4,Suspensión & Dirección,Terminales y Axiales de Dirección,terminal-direccion,Terminales exteriores e interiores con rosca de precisión milimétrica.,Disponible
Changan,Hunter Plus,2022-2024,Pickup 4x4,Suspensión & Dirección,Cremallera de Dirección Hidráulica,cremallera,Cremalleras de dirección hidráulica y electroasistida completas.,Disponible
Changan,Hunter Plus,2022-2024,Pickup 4x4,Suspensión & Dirección,Amortiguadores Delanteros y Traseros,amortiguador,Amortiguadores a gas nitrógeno bitubo de respuesta progresiva.,Disponible
Changan,Hunter Plus,2022-2024,Pickup 4x4,Embrague & Transmisión,Kit de Embrague Reforzado,kit-embrague,Kit de embrague completo con prensa de diafragma templado y disco orgánico.,Disponible
Changan,Hunter Plus,2022-2024,Pickup 4x4,Embrague & Transmisión,Disco de Embrague de Repuesto,disco-embrague,Disco de embrague con forro de alta fricción y resortes amortiguadores dobles.,Disponible
Changan,Hunter Plus,2022-2024,Pickup 4x4,Embrague & Transmisión,Rodamiento de Empuje / Collarín Hidráulico,rodamiento-empuje,Rodamiento de empuje mecánico y collarines hidráulicos concéntricos.,Disponible
Changan,Hunter Plus,2022-2024,Pickup 4x4,Embrague & Transmisión,Cruceta de Cardán y Transmisión,cruceta-cardan,Crucetas de cardán con grasera de engrase y sellos laberinto de triple labio.,Disponible
Changan,Hunter Plus,2022-2024,Pickup 4x4,Frenos,Pastillas de Freno Cerámicas Delanteras,pastillas-freno,Pastillas de formulación cerámica de bajo polvo y alto coeficiente de fricción.,Disponible
Changan,Hunter Plus,2022-2024,Pickup 4x4,Frenos,Discos de Freno Ventilados,discos-freno,Discos de freno ventilados con aleación de alto contenido de carbono.,Disponible
Changan,Hunter Plus,2022-2024,Pickup 4x4,Frenos,Bombas de Freno,bomba-freno,Cilindro maestro de freno de doble circuito con depósito de líquido.,Disponible
Changan,Hunter Plus,2022-2024,Pickup 4x4,Frenos,Balatas de Freno,balatas-freno,Juegos de zapatas de freno traseras con forro de alta resistencia al calor.,Disponible
Changan,Hunter Plus,2022-2024,Pickup 4x4,Frenos,Tambores de Freno,tambor-freno,Tambores traseros de fundición gris equilibrados dinámicamente.,Disponible
Changan,Hunter Plus,2022-2024,Pickup 4x4,Frenos,Cilindro de Rueda / Freno Trasero,cilindro-freno,Cilindros receptores traseros con pistones de aluminio anodizado.,Disponible
Changan,Hunter Plus,2022-2024,Pickup 4x4,Carrocería & Eléctrico,Ópticos y Focos,opticos-focos,Faros delanteros ópticos principales y focos traseros de alta durabilidad.,Disponible
Changan,Hunter Plus,2022-2024,Pickup 4x4,Carrocería & Eléctrico,Kit de Ampolletas Halógenas / LED,ampolletas,"Ampolletas H4, H7, H11 en tecnología halógena de alto rendimiento y LED Canbus.",Disponible
Changan,Hunter Plus,2022-2024,Pickup 4x4,Carrocería & Eléctrico,Alternador de Alto Amperaje,alternador,Alternadores de 110A a 150A con regulador electrónico incorporado.,Disponible
Changan,Hunter Plus,2022-2024,Pickup 4x4,Carrocería & Eléctrico,Motor de Partida / Arranque Reforzado,motor-partida,Motores de arranque con sistema de reducción planetaria de alto torque.,Disponible
Changan,Hunter Plus,2022-2024,Pickup 4x4,Carrocería & Eléctrico,Sensor de Velocidad ABS,sensor-abs,Sensores de velocidad de rueda ABS de alta precisión magnética.,Disponible